Topic,Count,Name,Representation,Representative_Docs
-1,28462,-1_model_data_training_use,"['model', 'data', 'training', 'use', 'using', 'would', 'set', 'image', 'one', 'dataset']","['This is a very basic question however I havent found a satisfying answer until now When training a neural network we must choose the number of epochs The usual advice is to train as long as the loss on the validation set goes down But it happens that the validation loss goes down then a little bit up then down again So for me the most reliable way to find the point to stop training and get the best model would be to take a very high number of epochs and just choose the best validation loss out there be it the last iteration or more probable something in between One drawback is of course the long training time due to high number of epochs To avoid long training time and still get a good validation score people use early stopping techniques as described in the often cited paper Early Stopping  But When from Lutz Prechelt In the paper mentioned the author points out that indeed the validation curve can go up and down and you can never be sure that you reached some kind of absolute minimum In consequence if you use early stopping methods you introduce some kind of bias in your model training That is why I thought to train as many epochs as I can afford and choose the best epoch to sotp training afterwards I thought this would be less biased and the most correct way to choose the number of epochs for training In stackexchange I found the following related questions Present results of the best or the last iteration on dev set where the answer is that we should choose the best iteration and not the last one Reporting test result for crossvalidation with Neural Network where the answer is that if is not correct to choose the best iteration since this introduces also a bias Instead one should opt for a apriori fixed number of epochs and choose the last iteration If I put the theory for a moment aside I think it is unwise to stop training too soon if the validation loss still goes down Also it is unwise to choose a validation loss that is higher because I trained until overfitting So clearly I am inclined to take some minimum To sum it up at the bottom is a plot of my validation loss of a 5FoldCV Using early stopping could have stopped training at those strange plateaus Using the best loss score seems also a bit biased in those highly jittering regions What is the correct way to stop training here choosing model based on last or best iteration on validation set', 'Interpretation for test score  training score and validation score  what they actually tell us We usually divide our dataset in 3 parts Trainingdata validationdata and testdata Then we analyze the score Training Score How the model generalized or fitted in the training data If the model fits so well in a data with lots of variance then this causes overfitting This causes poor result on Test Score Because the model curved a lot to fit the training data and generalized very poorly So generalization is the goal Validation Score This is still a experimental part We keep exploring our model with this dataset Our model is yet to call the final model in this phase We keep changing our model until we are satisfied with the validation score we get Test Score This is when our model is ready Before this step we have not touched this dataset So this represents real life scenario Higher the score better the model generalized Whats an acceptable difference between cross test score  validation score and test score I think the cross test score Validation score there are no difference The right naming is cross validation score Cross validation is used by interchanging the training and validation data in different ways multiple times A image that describes Copyright reserved by towardsdatasciencecom So your question should be Whats an acceptable difference between cross validation score and test score Theres no straightforward answer to this question Heres a long discussion you might want to consider Cross validation vs Test set If difference between test score and training score is small mean it is a good modelfit Yes This is what we strive for And often times to achieve this We require various engineering techniques calculations and parameter tuning overfitting and under fitting on the basis of test score  training score and validation score Usually high training score and low test score is overfitting Very low training score and low test score is underfitting First example here in technical term is called low bias and high variance which is overfitting The latter example high variance and high bias called underfitting In other words A model that is underfit will have high training and high testing error while an overfit model will have extremely low training error but a high testing error whether any of these score or difference among them tells us  if we need more dataobservations This is a very good question you can refer here And the best explanation of this I got from Andrew NG This is the link These will give you a solid understanding but in simple words I can give example for intuition wont be accurate suppose I have 500 rows of data I will first take 100 of my data Then I will analyse my bias and variance Next I will take 100100200 data from those 500 The again I will record my bias and variance I will keep doing this by taking 300 400 and 500 data If I observe that my bias and variance is improving if model is improving it means adding more data might actually help This is a very simplified example But hope gives an intuition', 'Have a project Im working on and am running into an issue Essentially I have lots of data sets with a small amount of data These data sets represent locations in an area I have one classification data set y with categorical values number from 1  6 the location is in the middle of the rest of the data sets The issue with these points is that I dont get a lot of data per point maybe 100 rows My goal was to fit a data set physically closest to the target classification data set and generalize it to the rest of data It doesnt work very well so now Im trying to improve the model performance by adding k data sets also close to the class data set These data sets all share the same features and share the same rows as the classification data set With basic sklearn models Im unable to take multiple inputs to fit and one input to predict Where  All features are numeric floats Each X matrix is about 100 points long with a continuous index 0100 I only have one test point with 100 observations for each group of points so its imperative I use as much data close to the test point as possible to improve the model with the goal is to generalize the data to future points Is there another model or technique I can use for this Ive done a bit more research into NN models not familiar so would prefer to avoid and found that Keras has the ability to take multiple inputs to fit using their functions API but can I predict with only one input after it has been fitted to multiple  Improving model prediction for small single data sets by using multiple data sets to fit']"
0,5336,0_time_series_time series_data,"['time', 'series', 'time series', 'data', 'lstm', 'day', 'predict', 'model', 'would', 'customer']","['Im working on a side project where I have a mixture of static data and time series and the goal would be to perform clustering on the data Theres a bunch of data sources but basically the main thing would be some static information about users like age sex location etc and some time series data user 123 did xyz at 2pm then yxz at 3pm then yyy at 4pm The goal would be to perform a clusteringsegmentation via unsupervised learning to create user segments The most data I have is from the time series kind but Id like to incorporate both time series and the static data into my model The question is would it be viable to transform the time series data into static If yes what would be a method for this Or what would be some methods to perform clustering on time series data Im currently thinking maybe an autoencoder could help me somehow but Im not entirely sure how What are some common methods for this if any Can you maybe give me some pointers in where to start looking Thank you Transforming time series into static features', 'I followed from this question1question2 I have the following task to do I have time series data Training by the consecutive 3 days to predict the each 4th day Each day data represents one CSV file which has dimension 24x25 Every data points of each CSV file are pixels Now I need to do that predict day4 meaning the 4th day by using training data day1 day2 day3 meaning the three consecutive days prior and after that calculate MSE between predicted day4 data and original day4 data Lets call it mse1 Similarly I need to predict the day5 meaning the 5th day by using training data day2 day3 day4 and then calculate the mse2 MSE between predicted day5 data and original day5 data I need to predict day6 meaning the 6th day by using training data day3 day4 day5 and then calculate mse3 MSE between predicted day6 data and original day6  And finally I want to predict day93 by using training data day90 day91 day92 calculate mse90 MSE between predicted day93 data and original day93 I want to use in this case Linear regression and we have 90 MSE for this model My result We know that linear regression models often do not do very well with time series data because the assumption of independent and identically distributed data is usually violated Actually I have implemented my code based on suggestions of RobertLongs answer1answer2 from my above linked questions Although I am getting expected result would anybody check my regression model inside the code if I made any mistakes or bugs that I might not be aware of My all 93 days data folder link that I used for code Why linear regression doing not so well with respect to walkforward validation', 'I am looking forward to the correct MLalgorithm approach for the below issue My target here is to predict the target day of the incoming time series below for a new time series Also below you can find the form of the train dataset My goal is to train an algorithm on the various patterns of train datasets time series lets assume that in the train dataset we can find all the possible forms of time series with trend stationarity etc in order to predict the target value based on the expected behavior of similar time series in train dataset Train dataset TS name Day1 Day2  Day50 TargetDay51 TS 1 5 13  16 12 TS 2 8 18  9 16  12 2  13 4 TS 4000 3 7  4 10 Incoming time series TS name Day1 Day2  Day50 TargetDay51 TS 4001 3 22  48 XX Any ideas please Thank you in advance Appropriate Supervised Machine Learning Algorithm for Time series prediction']"
1,1841,1_feature_correlation_importance_variable,"['feature', 'correlation', 'importance', 'variable', 'feature importance', 'selection', 'feature selection', 'correlated', 'model', 'coefficient']","['I have asked this question here but seems no one is interested in it Here is my understanding Tree models is used to select the importance of features by lets ignore Permutation  but the tree has the weakness on heavy correlated features where if one feature is split the left one has no uncertainty to split namely tree will only select one of two heavy correlated features like LASSO I think the methodology and disadvantage of feature selection by random forest and boosting trees are all inherited from trees But the difference is random forest each feature has the opportunity to first split in a separated tree Therefore the importance will tend to be evenly distributed over each feature which may lead both of features become not important the importance is diluted boosting tree the boosting can be approximately regarded as continuing to split in a tree fit the residual therefore it is most likely that only one feature will split only one time As result one of the features will be selected as important and the left one will be ignored In a summary both random forest and boosting trees are not good ways to deal with heavy correlated features As an improvement some books mentioned randomized sparse modelsRecursive feature elimination can be used to reduce the impact of correlation But Randomized sparse models Random forest and boosting tree already have the feature column sampling are two effects repeated Recursive feature elimination Does it something like the stepwise regression Feature importance by random forest and boosting tree when two features are heavy correlated', 'I have a large data set with many features 70 By doing preprocessing removing features with too many missing values and those that are not correlated with the binary target variable I have arrived at 15 features I am now using a decision tree to perform classification with respect to these 15 features and the binary target variable so I can obtain feature importance Then I would choose features with high importance to use as an input for my clustering algorithm Does using feature importance in this context make any sense Is feature importance from classification a good way to select features for clustering', 'Feature importances and the interpretation of the meaning of features are entirely different things The importance of a feature shows how strongly the feature influences the answer If the importance is low the answer only slightly depends on the feature If the importance is high the answer is highly influenced by the feature The interpretation of the meaning of a feature relates to the question of how   in which form in which way the feature influences the answer I will illustrate it here with a simple example Because you ask about ensemble methods I will use two ensemble methods random forest and gradient boosting Lets take a 1000 samples of 3 features x0 x1 x2 each with values between 0 and 1 Let the target variable y depend on x0 and x1 but not on x2 eg y  1  2x0sin6pi x1 These features look as follows Calculating feature importances with random forest gives and with gradient boosting  Two features x0 and x1 have similar importances as can be seen from the picture above while the importance of x2 is much less ideally it should be zero Lets scale one feature relative to another and see what happens to feature importances Feature importances according to random forest Feature importances according to gradient boosting The second feature is more important Lets scale them differently Feature importances according to random forest Feature importances according to gradient boosting Now the first feature is more important We could easily evaluate feature importances with ensemble algorithms and they make sense The feature that greater influences the answer is more important From the pictures we also see the meaning of each feature However we cannot get the meaning easily from the ensemble algorithms Usually for many algorithms it is easier to evaluate feature importances than interpret the meaning of features If the question of feature meanings can be answered by analyzing a certain algorithm that algorithm is interpretable Otherwise it will be called uninterpretable black box or something like that The feature is still there its role doesnt change no mater if a human can interpret it or not Even if you take the same class of algorithms say decision trees you can build different decision trees for the same problem depending on the method of tree growing I illustrated it on the XOR example in this answer link where two trees for the same problem are constructed one being interpretable the other is not As far as the modification of features is concerned every algorithm modifies features Even the decision tree does that When it chooses a subset of a feature it is equivalent to the multiplication of the feature by an indicator function Ix if xx0 then Ix  0 else Ix  1 Other algorithms modify features differently Ensemble methods are nor more harmful to features than any other']"
2,1524,2_tree_decision tree_decision_forest,"['tree', 'decision tree', 'decision', 'forest', 'random forest', 'random', 'xgboost', 'split', 'node', 'boosting']","['SPRINT It stands for the Scalable Parallelizable Induction of Decision Tree algorithm It was introduced by Shafer et al in 1996 It is a fast scalable decision tree classifier It is not based on HUNTs Algorithm in constructing the decision tree rather it partitions the training data set recursively using breadthfirst greedy technique until each partition belongs to the same leaf node or class It can be implemented in both serial and parallel pattern for good data placement and load balancing Unlike SLIQ SPRINT uses two data structures attribute list and histogram which is not memory resident this implementation makes SPRINT more suitable for large data sets thus it removes all the data memory restrictions on data It handles both continuous and categorical attributes SPRINT algorithm is a classical algorithm for building a decision tree that is a widely used method of data classification However the SPRINT algorithm has high computational cost in the calculation of attribute segmentation SLIQ Algorithm It stands for Supervised Learning In Ques It was introduced by Mehta et al 1996 It is a fast scalable decision tree algorithm that can be implemented in serial and parallel pattern It is not based on HUNTS Algorithm for decision tree classification It partitions a training data set recursively using the breadthfirst greedy strategy that is integrated with the presorting technique during the tree building phase In building a decision tree model SLIQ handles both numeric and categorical attributes One of the main drawbacks of SLIQ is that it uses a class list data structure that is memory resident thereby imposing memory restrictions on the data It uses Minimum Description Length PrincipleMDL in pruning the tree after constructing it MDL is an inexpensive technique in tree pruning that uses the least amount of coding in producing trees that is small in size using the bottomup technique The main advantage of the SLIQ decision tree algorithm is that it produces accurate decision trees that are significantly smaller than the trees produced using C45 and CART At the same time SLIQ executes nearly an order of magnitude faster than CART SPRINT A Scalable Parallel Classifier for Data Mining Comparative Analysis of Decision Tree Classification Algorithms A Searching Method of Candidate Segmentation Point in SPRINT Classification Decision Trees from large Databases SLIQ A Comparative Study on Serial Decision Tree Classification Algorithms in Text Mining', 'One decision tree or many decision trees', 'and in Random Forests too']"
3,1327,3_encoding_categorical_category_variable,"['encoding', 'categorical', 'category', 'variable', 'feature', 'onehot', 'ordinal', 'column', 'categorical feature', 'categorical variable']","['If you have high cardinality categorical data10 distinct values you can do Target Encoding One hot Encoding in high cardinality scenarios has the following drawbacks The input data for the model becomes very wide and neither an optimal nor an efficient approach is guaranteed The created features become sparsemost of the levels hardly appear in the data One Hot Encoding does not handle new or unseen categories One option here is to do target encoding Here is an intro Find here a python package with several implementations Target Encoding benefits High cardinality problem is handled Categories are ordered allowing for easy extraction of the information and model simplification Drawbacks Overfitting For a more comprehensive literature review Quantile Encoder Tackling High Cardinality Categorical Features in Regression Problems Fairness implications of encoding protected categorical attributes', 'We just encode the categorical variable to some sort of numerical representation like onehot encoding The choice of representation matters because it has to preserve the properties of a categorical variable onehotencoding is a standard option but directly encoding categorical values as integers is a mistake because it introduces order where there is none the usecases of such a method under what kind of circumstances would using categorical data to predict a numeric value be useful There are many applications for which regression from categorical data is useful For example text data is often represented as bag of words BoW where each word is a categorical variable Some tasks involve predicting a numerical target from some text input for example Predicting the grade of an essay Predicting a score representing the likelihood of plagiarism egTurnitin Predicting sentiment of a text on a scale from 1 to 5 There are many other examples and not only from text data And what type of data format should I have my data in before doing the encoding does having two columns with one numeric results and the other the corresponding category work The data can have as many independent variables features as needed Since the categorical variables are typically onehotencoded what matters is the number of features after encoding Its often necessary to preprocess the data in order to avoid overfitting typically rare values should be discarded I would also like to know the different ways we can visualize and analyse the results of our model and its predictions especially if we have a sizeable amount of categorical variables As far as I know theres no specific method for analyzing the result of the model its the same principle as with numerical features If one wants to analyze the impact of an individual feature on the performance of the model a simple technique is to train the model withwithout this feature and compare the results', 'I have read somewhere that label encoding is only used for target variable and then for the input features we can use one hot encoding nominal  and ordinal encoding features having order I am confused now cause many people are using label encoding for input features as well Another thing is that in one hot encoding through sklearn do we need to drop the first column as the column like gender having two categories male and female is highly correlated so we drop the first category of it i have searched alot on these two matters on youtube and google but every response is kind a different which ultimately makes me ponder what is the right approach to it  label encoding  one hot encoding']"
4,1245,4_cluster_clustering_kmeans_distance,"['cluster', 'clustering', 'kmeans', 'distance', 'algorithm', 'point', 'data', 'number cluster', 'clustering algorithm', 'dbscan']","['I used the kmeans algorithm to clustering set of documents which are textual data only The document has 2lack records Surprisingly the result for the clustering is 90 of records is storing in 1 cluster remaining records are going to another clusters Its is not a problem if it chooses correct cluster while predicting the data I thought uneven distribution of clusters might be the issue behind my problem If thats not the problem Suggest me how kmeans will predict the correct cluster Why this is happening  Parameters  number of clusters  5 used elbow method to know this random state  0 or 42 both used but no use This is how i created clusters What can be the reasons for 95 of samples belong to one cluster when there is 5 clusters', 'In my undergraduate year I search for dark matter halos in cosmological simulations using FriendsofFriends algorithm  Now I am a graduate student and I search HI clouds in radio telescope data using DBSCAN algorithm  I found that these 2 algorithms have some identicals like DensityBased Clustering Both DBSCAN and FoF can be considered densitybased methods in a broad sense DBSCAN explicitly defines clusters based on the density of data points while FoF can also identify clusters based on the density of connections ie friends between points Cluster Identification Both algorithms identify clusters by grouping together points that are close to each other in some sense In DBSCAN this is based on the density of points within a specified radius while in FoF its based on the connectivity or number of shared neighbors No Need for a Predefined Number of Clusters Neither algorithm requires the number of clusters to be specified in advance DBSCAN determines clusters based on density parameters and FoF finds clusters based on the connectivity structure without requiring the number of clusters to be set beforehand Handling Noise and Outliers Both methods can handle noise or outliers though they do so differently DBSCAN explicitly classifies points that dont fit into any cluster as noise In FoF points that are not sufficiently connected to other points may end up isolated or not part of any significant cluster Cluster Shape Flexibility Both algorithms are capable of identifying clusters of arbitrary shapes DBSCAN is wellknown for its ability to find clusters of various shapes and sizes due to its densitybased approach FoF can also find clusters with irregular shapes based on the connection patterns I want to know if there is some major difference between them so that I can better choose which to use when clustering things Thanks Finding clusters DBSCAN or FriendsofFriends', 'I am sorry if this is a wellknown phenomenon but I cant quite wrap my head around this I have a related question How To Develop Cluster Models Where the Clusters Occur Along Subsets of Dimensions in Multidimensional Data There are good answers for feature selection and cluster metrics but I think this phenomenon deserves special attention I have simulated 3 clusters along 1 dimension and then simulated 3 clusters along 2 dimensions and then combined them into a dataset with all 3 dimensions My hope was that cluster algorithms would identify the 3 clusters along dimension 1 and the 3 clusters along dimensions 2 and 3 for a total of 6 clusters The cluster algorithms do not correctly identify the 6 clusters When I visualize the simulated data in 3 dimensions there are 9 apparent clusters instead of the 6 that I simulated Can someone explain why two sets of independent lowerdimensional clusters form apparent clusters in a higherdimensional space I am concerned about the impact of this phenomena when developing cluster models with real data if independent clusters along subsets of dimensions form apparent but presumably misleading clusters in higher dimensions UPDATE lpounng has described how actual clusters can result in apparent clusters I am adding a bounty in the hopes that someone can describe this problem more canonically and perhaps describe a solution Consider another example I have simulated 2 clusters persons with high blood sugar and high blood pressure and persons with normal blood sugar and normal blood pressure I have simulated 3 other unrelated clusters persons with no injuries a medium number of injuries and a high number of injuries There are 5 actual clusters and 6 apparent clusters KMeans finds the 6 apparent clusters correctly The problem is that the KMeans clusters misleadingly imply that blood sugar blood pressure and injury cluster together Is there a solution to this problem Brian Spiering recommended the  library but I cant get the algorithms to distinguish the actual clusters from the apparent clusters ORIGINAL CODE Imports Function to plot in 3 dimensions with plotly Simulate data Visualize the 3 clusters along dimension 1 Visualize the 3 clusters along dimensions 2 and 3 Visualize the clusters in 3 dimensions Why Do a Set of 3 Clusters Across 1 Dimension and a Set of 3 Clusters Across 2 Dimensions Form 9 Apparent Clusters in 3 Dimensions']"
5,1047,5_class_imbalance_imbalanced_smote,"['class', 'imbalance', 'imbalanced', 'smote', 'oversampling', 'class imbalance', 'minority', 'data', 'dataset', 'balanced']","['For imbalanced data there are some techniques that you can use to compensate imbalance namely 1 Random Under sampling remove some observation from majority class to compensate for imbalance Perform this only with huge amount of data 2 Random Over sampling add observations with some changes to minority class perform this only with small data 3 SMOTE Synthetic Minority Oversampling technique Synthesize new observations for minority class using KNN 4 NearMiss Unser sampling technique Using a distance this will make the majority class equal to minority Again uses KNN 5 Change the metric used Do no use accuracy for imbalanced data as it will lead you to think your model did good when in fact it performs poorly on real world data F1 score and AUROC are your best bets 6 Penalized algos Penalizes mistakes on minority classes by an amount proportional to how under represented the minority class is Examples are Penalized SVM 7 Change the algo Tree based models usually perform better on imbalanced data compared to other models Examples are RandomForest Gradient Boosted Trees', 'Do you have imbalanced data', 'Why does data science see class imbalance as a problem in supervised learning when statistics says it is not Data science seems to seem class imbalance as problematic and needing special techniques to remedy this problem For instance this DSSE question takes it as selfevident that class imbalance is problematic and no answers or comments push back on this notion the answer to this DSSE question believes class imbalance to be a problem in need of remedy and this this and this advocate for data adjustments in order to solve what is taken as a selfevident problem Statisticians do not see class imbalance as a problem for supervised learning that requires special remedy Multiple posts on Cross Validated Statistics Stack Exchange argue against this except for specific circumstances Are unbalanced datasets problematic and how does oversampling purport to help Profusion of threads on imbalanced data  can we mergedeem canonical any Vanderbilts founder of the Department of Biostatistics Frank Harrell has at least two good blog posts and several tweets that argue against class imbalance being a problem even if some of the arguments are indirect especially in the blog Classification vs Prediction For this reason the odd practice of subsampling the controls is used in an attempt to balance the frequencies and get some variation that will lead to sensible looking classifiers users of regression models would never exclude good data to get an answer Then they have to in some illdefined way construct the classifier to make up for biasing the sample It is simply the case that a classifier trained to a 12 prevalence situation will not be applicable to a population with a 11000 prevalence The classifier would have to be retrained on the new sample and the patterns detected may change greatly Damage Caused by Classification Accuracy and Other Discontinuous Improper Accuracy Scoring Rules As discusssed here fans of classifiers sometimes subsample from observations in the most frequent outcome category here Y1 to get an artificial 5050 balance of Y0 and Y1 when developing their classifier Fans of such deficient notions of accuracy fail to realize that their classifier will not apply to a population when a much different prevalence of Y1 than 05 People are still pushing ridiculous methods like SMOTE Dont mess with the data Use the right stat methods MachineLearning advocates are amazingly still using SMOTE to ruin imbalanced data before analysis and invalidate classifications they develop Notice that these criticisms of SMOTE are not specific to SMOTE and just want a better generator of synthetic data The criticisms are of doing something to ruin the data with SMOTE just being one way to ruin the natural class ratio Why does data science see class imbalance as a problem when statistics says it is not What do the statisticians miss about class imbalance that makes it problematic in data science An answer like You could get 99 accuracy just by classifying everything in the majority class really speaks to why accuracy is a problematic measure of performance which is most obvious in but not exclusive to situations with imbalance Also Imbalance often leads to everything being classified as the majority category is a criticism of the decision rule used on top of the raw predictions from most but I concede not all models such as the probability values returned by logistic regressions think instead of in  which might be reasonable when they all fall below some softwaredefault threshold and would be rounded to the majority category by some kind of method Why does data science see class imbalance as a problem for supervised learning when statistics does not']"
6,996,6_plot_graph_chart_histogram,"['plot', 'graph', 'chart', 'histogram', 'axis', 'line', 'bin', 'matplotlib', 'bar', 'plotting']","['I am trying to plot a week stock data from alpha vantage with but I get weird plots compared to other sources plot like googles chart for example If I plot without the x axis labels I get a correct plot but the x labels are replaced with integer ranges else if I do something like I get a weird plot cant get correct plot from alpha vantage and plotly', 'The difference is caused by the fact that and use different defaults for the number of bins The bins are ranges of values for which the number of observations are counted before being plotted For more information on what bins are check the Wikipedia page for histograms In your example the standard matplotlib plot has bigger bins than the seaborn plot since it uses  whereas seaborn seems uses the FreedmanDiaconis rule to determine the number of bins which in this case would give a bin width of about 05 and  Setting the number of bins used equal for both the seaborn and matplotlibpyplot plots gives the following histograms As you can see using the same value for the number of bins gives the exact same plots I used the following code to produce this plot in which you can also change the number of bins used by both plots to compare them', 'I recently came across package in R It allows to plot all three basic EDA plots together Scatter Plot  Histogram  Correlation Values Is it possible to do same in Python also Is it Possible to plot Scatter Plot  Histogram  Correlation Values in a single plot in python']"
7,835,7_column_dataframe_panda_row,"['column', 'dataframe', 'panda', 'row', 'df', 'data frame', 'frame', 'value', 'name', 'dataframes']","['I want to create a new DataFrame based upon the columns of another DataFrame for which I would like to do the following Data Retrieval Take partial strings from column elements from DataFrame1 Renaming Column Elements Combine these strings and place into 2 new columns in DataFrame2 An example of the DataFrames can be seen below where DataFrame1 is my actual data and the DataFrame2 is the type of data frame that I am interested in obtaining Snapshot can be found  The Code That I am trying to use Renaming Column Elements of DataFrames', 'will give you a dataframe a series to be exact with one column and the same index and so the same number of rows as the original dataframe df So you can initialize a new df column with it will give you also a dataframe with one column but with a different index and with less rows Indeed the index will be all the unique values in the column customerID For example if you have 1000 rows in df and the column customerID has 200 different ID will give you a dataframe with 1000 rows and will give you a daframe with 100 rows For this second case you cannot successfully initialize a new df column with the result of as there will be a mismatch of the index between both dataframes leading to NaN', 'I have a large list of dataframe with duplicate observations for the same index analagous to the df below df desireddf I am trying to sort through the dataframe based on a column Color here and create new columns of the data associated with a duplicate color See desireddf for clarity Column names dont necessarily need to change but I think they might have to in order to preserve different data from a column of a duplicate name Here is a column name forloop from another post And here is a loop for trying to merge duplicate dataframes into the original I am fairly new to coding so I apologize for the poor attempts at this I cant figure it out Any help would be appreaciated Thanks Turn duplicate rows in pandas dataframe into new columns in the same dataframe']"
8,806,8_model_new_data_training,"['model', 'new', 'data', 'training', 'new data', 'learning', 'retrain', 'train', 'incremental', 'trained']","['There are a few ways to incorporate new features into an existing machine learning model Train a new model Training a new model from scratch on the entire dataset including the new features is one option This can be a good choice if the new features are very different from the old features and you want to start from a clean slate Finetune the existing model You can finetune the existing model by adding the new features to the input data and retraining the model on the expanded dataset This can be a good option if the new features are related to the old features and you want to preserve the knowledge that the existing model has already learned Train a submodel You can train a submodel on the new features and then combine it with the existing model This can be a good option if the new features are related to the old features and you want to preserve the knowledge that the existing model has already learned but you also want to allow the submodel to specialize on the new features Which approach is best will depend on the specifics of your problem and the characteristics of the new features In general it is usually a good idea to try a few different approaches and see which one works best for your problem', 'Im new to datascience and appreciate your sage advice I need to build an incremental learning model and I know theres a lot that goes into something like that but Id like to highlight the most fundamental abstract requirement I have in my particular case and ask you to focus your attention on that However I build the incremental learning model it must never forget what it has learned That is when it learns something new it cant forget something it already learned I need to know what algorithm or series of algorithms I can use for that Id like to give a toy example to make sure Im understood Imagine I decide to use a neural net as the model that learns incrementally Imagine as a toy example that I train it the following 3 inputs  output observations 0  0 2  2 4  4 We can even visualize this as a 2D graph y  x We train it so it has 100 accuracy great So we deploy it and now it starts seeing more observations and must learn from them incrementally In this example pretend that when it sees a new input itll ask me if the model output was correct If it is correct I want it to remember that specific observation and never change it its fixed This would mean if it is not correct all the fixed points in the model do not move For instance lets imagine it see a new input 1 and comes up with a correct model output 1 Its memory visualized looks like this notice there is a dot at x1 y1 So lets imagine it sees a new input 3 and comes up with a model output 3 and asks me if it was correct and I say nope the output should be 0 Now it has to do some training to learn that new answer but as I said I dont want it to mess up anything its already learned As I understand typical neural net training they become more accurate on average meaning when you train it on a new observation it might mess up the weights and biases of already learned observations but on average fewer and fewer That is not what I want I want to incorporate the new information into the model without messing up verified observations Now some of you might say dude thats just a lookup table But no its not because I still want the new observation to have an effect on the untrained or unverified observations like 25 for example like this notice how x0 is still y0 and x2 is still y2 and x4 is still y4 and x1 is still y1 but everything else moved Alright so I hope Ive communicated the requirement effectively my question is which algorithm do I use to accomplish this model requirement The input data and output data of the model will be more complicated than small integers but I could conform all inputs to be numerical before it gets to the model I kinda wonder if the boundary to the data mapping which is the model cant be directly derived in an ND space in exactly the same way it is derived on a 2d grid in the above toy example Is there a name for doing that Perhaps using something as flexible and sophisticated as a neural net to derive that boundary is not actually necessary idk Id like your opinion Of course when you start talking about algorithms they come with their own requirements for data structures so Im not so much asking about algorithms as I am just asking about how to do this in general Like best practices or design patterns or something Id really appreciate your feedback expertise and experience on this problem Thanks General practices for building an incremental learning model which never forgets', 'What is your model']"
9,749,9_attention_transformer_decoder_token,"['attention', 'transformer', 'decoder', 'token', 'encoder', 'input', 'sequence', 'positional', 'layer', 'position']","['Updated answer The Transformer model has 2 parts encoder and decoder Both encoder and decoder are comprised of a sequence of attention layers Each layer is comprised of a combination of multihead attention blocks positional feedforward layers normalization and residual connections The attention layers from the encoder and decoder are slightly different the encoder only has selfattention blocks while the decoder alternates selfattention with encoder attention blocks Also the selfattention blocks are masked to ensure causal predictions ie the prediction of token N only depends on the previous N  1 tokens and not on the future ones In the blocks in the attention layers no parameters are shared Apart from that there are other trainable elements that we have not mentioned the source and target embeddings and the linear projection in the decoder before the final softmax The source and target embeddings can be shared or not This is a design decision They are normally shared if the token vocabulary is shared and this normally happens when you have languages with the same script ie the Latin alphabet If your source and target languages are eg English and Chinese which have different writing systems your token vocabularies would probably not be shared and then the embeddings wouldnt be shared either Then the linear projection before the softmax can be shared with the target embedding matrix This is also a design decision It is frequent to share them Finally the positional embeddings which can be either trainable or precomputed are shared for the source and target languages Old Answer mistakenly addressing multiencoderdecoder transformers In general parameters are not shared in multiencodermultidecoder transformer architectures in the sense that each encoderdecoder has its own parameters This is because sharing parameters defeats the very purpose of having multiple encodersdecoders if you have two encoders that share parameters they are effectively the same encoder This of course is not a rule and there may be cases where it makes sense to share some or all encoderdecoder parameters An example could be a scenario where two sentences in a certain language or two very similar languages like dialects are received as input It may be beneficial to share parameters between both encoders if the amount of data in one of them is not enough Background multiencoder andor multidecoder Transformers are generally not used for simple sequence to sequence tasks like machine translation There are certain special cases where this kind of architectures have been used with different purposes eg Automatic PostEditing APE consists of having a primary machine translation system which output is refined with a secondary translation system that corrects the errors from the primary system The secondary system normally receives as inputs both the original source sentence and the translation from the primary system and generates the fixed translation as output An option for this kind of scenario is having a dualencoder singledecoder transformer where the output of the encoders are both fed to the decoder either concatenating them example or injecting them to different attention blocks example In this scenario normally there is no parameter sharing at all Multimodal translation in this case we receive different data modalities eg speech and text so we need modalityspecific architectures so normally there is no parameter sharing Note that here I understand that the multiplicity in encoders andor decoders happens both at training and inference time There are other cases where such a multiplicity happens only at training time as in multitask learning but at inference time only one encoder and decoder are selected for each case eg Multilingual translation while many multilingual MT systems have a single model for all supported languages normally supplying special tokens that identify the sourcetarget language it is possible to have languagespecific encoders or decoders You can see examples of this kind of architecture in works like this or this In this scenario each encoderdecoder has its own parameters and there is no sharing', 'As Jindich has said Q K V come from previous computations they are not trained directly with backpropagation However the weights WiQ WiK WiV are trained directly with backpropagation Expanding on this in the Attention is all you need paper in the self attention used by the encoder and decoder Q K V are the same matrix If we just look at the self attention in the encoder in the first layer Q K V are the representation of the input sentence after the embedding and positional encoding steps The number of rows in these matrices is equal to the number of tokens in the input sequence and the number of columns is based on the architecture its 64 in the paper The outputs from the first encoder layer are then used as Q K V for the next layer again these are all the same matrix The decoders attention self attention layer is similar however the decoder also contains attention layers for attending to the encoder For this attention the Q matrix comes the decoders selfattention and KV are the outputs of the final encoder layer', 'Im struggling to understand the decoder in a Transformer model specifically with regards to some aspects of its architecture as well as how it actually handles the data during training What I have right now is a working implementation of the encoder which outputs some calculated selfattention scores using scaled dotproduct for my attention mechanism In my decoder I understand that the correct target output is first embedded  positionally encoded which I have implemented I then added a layer of selfattention to the decoder From what I understand what follows is the encoderdecoder attention blocks Firstly should the selfattention layer be included in the decoder block to be repeated alongside the encoderdecoder attention layer or should this just occur once after the target is passed into the decoder Next for the actual encoderdecoder attention I am a bit uncertain as to how the query key and value vectors are calculated From my understanding the output of the encoder is passed through a feedforward layer to calculate the key and value vectors whereas the output of the previous block of the decoder is passed through a feedforward layer to calculate the query vector Thus my implementation is as follows This makes mathematical sense to me the desired output should have the same embedding dimensionality as the input to the decoder block so the query vector has to be from the decoder as it is the leftmost matrix in the dotproduct attention calculation However I fail to understand how this allows it to handle recurrent data This is especially confusing as the final layer is a feedforward layer and I fail to understand how this would handle sequences rather than say an LSTM In addition I have read very conflicting information on when the masking operation occurs Some papers perform masking on the embedding directly whereas some perform it after positional encoding whereas some implement it in the attention mechanism My model simply adds the mask to the cross product of the query and key vectors during the cross product calculation before softmax but Im unsure how to verify this is correct Lastly although I am certain Im failing to understand some aspect of the decoder causing a bug I am unable to get my model to fit onto data of different modalities My input embedding is of shape Ta Ea where Ta is the number of tokens and Ea is the embedding dimension However my output dimension is of shape Tb Eb where Tb eq Ta and Ea eq Eb While mathematically this should be fine with respect to the attention mechanism using the default PyTorch Encoder and Decoder layers throws a multitude of errors unless Ta  Tb and Ea  Eb which leads me to believe there may be issues when the input and output sequence are of different modalities Although my model does converge losswise when I pass in training data and translate the output back into tokens the output is absolutely nonsensical I have checked the exact same dataset against a more traditional LSTM autoencoder and gotten sensible results which leads me to believe I may simply have misunderstood some pieces of the transformer architecture Struggling to understandimplement Transformer Decoder']"
10,734,10_data_dataset_datasets_question,"['data', 'dataset', 'datasets', 'question', 'privacy', 'kaggle', 'share', 'data science', 'science', 'would']","['Welcome to Data Science', 'Im going to give a talk about a tool for viewing tabular datasets Ill first give this talk at a meetup then hopefully at a series of conferences over the next few years I want to demonstrate to my audience how I open a public dataset and get interesting insights about it The tutorial I did uses the FAA dataset of wildlife strikes which is a list of all instances where a plane hit an animal usually birds in the US The tutorial goes on to show all kinds of interesting questions that one can ask about such dataset like For each US state which kind of bird gets hit by planes the most often or Which birds are struck on average at the highest altitudes While this is a cool dataset I do feel it might make some people sad about the animal sufferring Also its a bit esoteric I would like to find a different public dataset that has data thats more positive and interesting Can you help me find one The data should be a simple table like a CSV or any other similar format I found a lot of tables at Our World in Data but I couldnt find one I really liked I dont want to do joins between multiple tables I want all the data to appear explicitly in one table rather references to IDs Id appreciate your suggestions Public data set with exciting data', 'I found a dataset about DDOS attacks id like to use but the tool used to extract features from pcap files seems to have indented the columns a little weird as seen below there are indents in unusual places like at the start of some feature names in particular im interested in the label or in this case Label where there is a space in front Syn is the name of the dataframe IndexUnnamed 0 Flow ID  Source IP  Source Port  Destination IP  Destination Port  Protocol  Timestamp  Flow Duration  Total Fwd Packets  Total Backward Packets Total Length of Fwd Packets  Total Length of Bwd Packets  Fwd Packet Length Max  Fwd Packet Length Min  Fwd Packet Length Mean  Fwd Packet Length Std Bwd Packet Length Max  Bwd Packet Length Min  Bwd Packet Length Mean  Bwd Packet Length Std Flow Bytess  Flow Packetss  Flow IAT Mean  Flow IAT Std  Flow IAT Max  Flow IAT Min Fwd IAT Total  Fwd IAT Mean  Fwd IAT Std  Fwd IAT Max  Fwd IAT Min Bwd IAT Total  Bwd IAT Mean  Bwd IAT Std  Bwd IAT Max  Bwd IAT Min Fwd PSH Flags  Bwd PSH Flags  Fwd URG Flags  Bwd URG Flags  Fwd Header Length  Bwd Header Length Fwd Packetss  Bwd Packetss  Min Packet Length  Max Packet Length  Packet Length Mean  Packet Length Std  Packet Length Variance FIN Flag Count  SYN Flag Count  RST Flag Count  PSH Flag Count  ACK Flag Count  URG Flag Count  CWE Flag Count  ECE Flag Count  DownUp Ratio  Average Packet Size  Avg Fwd Segment Size  Avg Bwd Segment Size  Fwd Header Length1 Fwd Avg BytesBulk  Fwd Avg PacketsBulk  Fwd Avg Bulk Rate  Bwd Avg BytesBulk  Bwd Avg PacketsBulk Bwd Avg Bulk Rate Subflow Fwd Packets  Subflow Fwd Bytes  Subflow Bwd Packets  Subflow Bwd Bytes InitWinbytesforward  InitWinbytesbackward  actdatapktfwd  minsegsizeforward Active Mean  Active Std  Active Max  Active Min Idle Mean  Idle Std  Idle Max  Idle Min SimillarHTTP  Inbound  Label dtypeobject The data in the label is Label Syn BENIGN I want to change it to 1 and 0 so i can use it in logistic regression and other machine learring algorithms and deep learning i tried the following two aproaches but cant seem to get it to work as i get errors on both methods as seen below and the error i get is ValueError Traceback most recent call last in  1 Syn Label  Syn Labelapplychangelabelaxis1 The second way i tried was to map the desired values but got a different error and i got the following any solution to this problem would be greatly appreciated After applying the solution suggested by user47 the following occurred ran perfectly with the new edit but the next part gave an error error was I tried using the following but couldnt see it in the column list when i used Syncolumns I expected to see Target in the list which would be the encoded version of Label how to use feature engineering on a label']"
11,724,11_scaling_normalization_scale_normalize,"['scaling', 'normalization', 'scale', 'normalize', 'data', 'standardization', 'scaler', 'feature', 'value', 'minmax']","['When to scale or normalize a column When you are using an algorithm that assumes your features have a similar range you should use feature scaling The main example is distance algorithms like Euclidean distance Thus the algorithms that are distancebased algorithms like Kmeans SVM etc also require feature scaling Gradient Descent Based Algorithms also require your data to be scaled to safely converge From the article The difference in ranges of features will cause different step sizes for each feature To ensure that the gradient descent moves smoothly towards the minima and that the steps for gradient descent are updated at the same rate for all the features we scale the data before feeding it to the model For more check this How to choose which featurecolumn in a dataset for scaling and normalization If the ranges of your features differ much then you should use feature scaling If the range does not vary a lot like one of them is between 0 and 2 and the other one is between 1 and 05 then you can leave them as its However you should use feature scaling if the ranges are for example between 2 and 2 and between 100 and 100 Check this explanation for a better and detailed explanation And how to decide on which normalization algorithm to choose for a column I assume here you are asking which feature scaling method to use The answer to this question also may vary due to context however the general answer is Use Standardization when your data follows Gaussian distribution Use Normalization when your data does not follow Gaussian distribution However some algorithms do not require feature scaling and they can handle it For example since Decision Tree builds the model by splitting the features it is invariant to features scale', 'The two methods Im most familiar with are minmax scaling and standard scaling Both are designed to remap the range minmax to something better Minmax scaling subtracts the min and divides by the maxmin just as you have above Standard scaling subtracts the mean and divides by the std deviation so that you end up with a std deviation of 1 in the scaled data Now imagine that almost all of your data is between 0 and 1 and you have a single outlier of 10000000 or any really big number In both minmax scaling and in your max scaling above all of your data will be divided by 10000000 effectively crushing everything down to close to 0 all because of a single outlier data point If we have then both minmax and max scaling will crush most of the data points close to 0 except for the max In standard scaling this wont happen as you divide by the standard deviation To contrast max scaling with minmax scaling consider what happens when your outlier is the min Max scaling will crush all of your other data because of the min outlier whereas minmax scaling will keep things between 0 and 1 Changing data to', 'One of the most important transformations you need to apply to your data is feature scaling With few exceptions Machine Learning algorithms dont perform well when the input numerical attributes have very different scales This is the case for the housing data the total number of rooms ranges from about 6 to 39320 while the median incomes only range from 0 to 15 Note that scaling the target values is generally not required There are two common ways to get all attributes to have the same scale minmax scaling and standardization Minmax scaling many people call this normalization is the simplest values are shifted and rescaled so that they end up ranging from 0 to 1 We do this by subtracting the min value and dividing by the max minus the min ScikitLearn provides a transformer called MinMaxScaler for this It has a featurerange hyperparameter that lets you change the range if for some reason you dont want 01 Standardization is different first it subtracts the mean value so standardized values always have a zero mean and then it divides by the standard deviation so that the resulting distribution has unit variance Unlike minmax scaling standardization does not bound values to a specific range which may be a problem for some algorithms eg neural networks often expect an input value ranging from 0 to 1 However standardization is much less affected by outliers For example suppose a district had a median income equal to 100 by mistake Minmax scaling would then crush all the other values from 015 down to 0015 whereas standardization would not be much affected ScikitLearn provides a transformer called StandardScaler for standardization Ref Aurlien Gron  HandsOn ML with skLearn Keras and TensorFlow Concepts Tools and Techniques to Build Intelligent Systems OReilly 2019']"
12,704,12_gradient_descent_gradient descent_weight,"['gradient', 'descent', 'gradient descent', 'weight', 'derivative', 'function', 'minimum', 'update', 'backpropagation', 'loss']","['You are correct that the cost function of linear regression is convex meaning it has a single global minimum In theory this property ensures that gradient descent algorithms such as ordinary least squares should converge to the global minimum even in the presence of multicollinearity However multicollinearity can still pose challenges for gradient descent Slower Convergence Multicollinearity leads to high condition numbers in the design matrix making the cost function very steep Gradient descent can become slow in these cases because it takes smaller steps to converge The algorithm may require more iterations to reach the minimum Numerical Stability Severe multicollinearity can make the problem numerically unstable The gradients may become extremely large causing numerical instability and making it difficult for the algorithm to converge IllConditioned Matrices When multicollinearity is severe the design matrix can be close to singular causing issues in matrix inversion or solving linear systems of equations during gradient descent updates This may lead to convergence problems To address these challenges when using gradient descent in the presence of multicollinearity you can consider the following approaches Feature Selection or Dimension Reduction If you suspect severe multicollinearity consider feature selection techniques or dimension reduction methods eg principal component analysis to reduce the number of highly correlated features Regularization Regularization techniques such as Ridge L2 or Lasso L1 regression can help mitigate multicollinearity by adding penalty terms to the cost function These methods encourage coefficient values to be small and can stabilize gradient descent Data Preprocessing Standardize or normalize your input features to ensure they are on a similar scale This can help gradient descent algorithms converge more quickly and accurately Advanced Optimization Algorithms Consider using more advanced optimization algorithms like LBFGS which can handle illconditioned problems more effectively and converge faster than vanilla gradient descent In summary while the convexity of the linear regression cost function theoretically ensures convergence in the presence of multicollinearity the practical challenges associated with steep cost surfaces numerical stability and illconditioned matrices can slow down or complicate gradient descent', 'Good question Your reasoning absolutely makes sense Your suggestion is not unreasonable However there are two ways that standard gradient descent is better than what you suggest Taking a fixedlength step with the length determined by the learning rate is not optimal Conceptually if the gradient is small this often indicates that we are close to the optimum and if the gradient is large were less likely to be close to the optimum So it makes sense for the sizelength of the step to be proportional to the magnitude of the gradient when were close to the optimum we want to take a small step to avoid overshooting and when were far away we want to take a large step to converge more quickly Therefore picking a fixed step size is not the best Standard gradient descent uses a step size ie the magnitudelength of the step that it takes that is proportional to the product of the learning rate and the magnitude of the gradient This works better because we take a large step when were far from the optimum and a small step when were close There is no efficient way to find the optimum direction to go for a given finite step size In other words if we want to find a change d to the weights that minimizes  extLossThetad subject to dc there is no obvious algorithm for computing such d You could try to compute such a thing but theres no obvious algorithm to compute it In comparison the gradient can be computed efficiently and in some sense gradient descent is a good approximation to the kind of thing you are proposing In short gradient descent makes sense because its a good approximation to the optimal direction and one that can be computed efficiently Or to put it another way if you look in the close vicinity of a point Theta then the loss function is approximately linear so the gradient which speaks about infinitesimal change is approximately the same what youd get if you considered a fixedsize change Finally a last benefit of gradient descent is that thanks to the magic of backpropagation computing the gradient is very efficient and with one computation tells you about how the function changes in all directions This is much more efficient than separately computing for each direction which is the best direction to go In particular you can compute the gradient in On time whereas computing something separately for each dimension would require On2 time where n is the number of dimensions in Theta ie the number of parameters in the model Since current models have millions or even billions of parameters this makes a huge difference Training current models wouldnt be possible without gradient descent', 'From my background I understand that the purpose of having a learning rate  is to normalize the magnitude of gradient J so the step size can properly converge the local minima Since  is arbitrary so we have to do find the best hyperparameter learning rate  Perhap we do not have to hyperparameter tuning when we normalize the gradient into a unit vector in which its magnitude always 1 The traditional gradient descent My gradient descent Again back to my problem I do not understand why the variant of gradient descent does not have what I think Like normalize the gradient into unit vector ps I presume that my Gradient Descent might not work well when the magnitude of gradient is extremely low and could diverge to inf In Gradient descent Why the gradient of cost function do not have to be normalized into unit vector']"
13,648,13_word_embedding_embeddings_vector,"['word', 'embedding', 'embeddings', 'vector', 'wordvec', 'word embeddings', 'sentence', 'word vector', 'context', 'word embedding']","['Both CBOW and Skipgram models from the word2vec paper consider each target word in turn together with nearby words within a fixed window context words The CBOW model learns to predict the target from its surrounding context words Skipgram does the opposite Ideally any word embeddings of similar words should have similar embeddings That happens in word2vec embeddings because similar target words have similar distributions of context words around them and so similar parameters ie the embeddings predict them eg if dog appears with walk tail kennel etc and hound also appears with those words then dog and hound have similar embeddings If the target word is included in the distribution of context words dog in the context words of dog hound in those of hound they occur in the context distribution every time the target word appears rather then some times like other context words so have a dominant effect That creates a difference between the two context distributions and so a difference between the embeddings which probably then perform worse at tasks that require similar words to have similar embeddings', 'Word2Vec Word2Vec is a predictive model for learning word embeddings from raw text It takes as its input a large corpus of words and produces a vector space typically of several hundred dimensions with each unique word in the corpus being assigned a corresponding vector in the space Word vectors are positioned in the vector space such that words that share common contexts in the corpus are located in close proximity to one another in the space Gensim provides a great way to use and start with Word2Vec Word2vec is actually a collection of two different methods Continuous BagofWords CBOW SkipGram Given a word in a sentence lets call it wt also called the center word or target word CBOW uses the context of surrounding words as input For instance if the context window C is set to C5 then the input would be words at positions wt2 wt1 wt1 and wt2 Basically the two words before and after the center word wt Given this information CBOW then tries to predict the target word The objective function for CBOW is beginalignJ heta  frac1TsumTt1logpleftwtmidwtnldotswt1 wt1ldotswtn ightendalign word2vec CBOW and skipgram network architectures SkipGram model Predicts source context words from the target words Skipgram treats each contexttarget pair as a new observation and this tends to do better when we have larger datasets CBOW  Continuous BagofWords model Predicts target words from source context words CBOW smoothes over a lot of the distributional information by treating an entire context as one observation For the most part this turns out to be a useful thing for smaller datasets More specifically we use the onehot encoding of the input word and measure the output error compared to the onehot encoding of the target word In the process of predicting the target word we learn the vector representation of the target word How does Word2Vec produce word embeddings', 'I was going through various papers for NLU applicationsNatural Language Understanding There I have observed a common pattern that for a word embeddings following 3 combinations are used may be using concatenation or any other technique static word embedding glove word2vec word embeddings learnt from character embeddings contextual word embedding Currently I am implementing one of those papers and I want to learn a word embedding from character embeddings I dont want to use pretrained charembeddings like FastText learn character embeddings  learn word embeddings from char embedding  train my custom task So I am thinking what is the best way to do this Lets say my data looks like this row1 What a sunny day Beautiful I feel happy Our task is we want find embeddings for each word which derived from char embedding approach1 use char level CNN 1ConvD Here features are nothing but unique characters in our data I am assuming result of this step will be I will have an embedding for each character Then I will go wordbyword eg sunny  sunny that is take a summaxavg of char embeddings to get a word embeddings However this last step doesnt sound correct wrt backtracking operation It feels disconnected from model chain What am I missing here approach2 Use BiDir LSTM Something like this as described in this Blog But few things are not clear from this What a sunny day Here how would I know word boundary In above picture there was just 1 word so concatenation was easy Since we are using hidden state as char embedding that means for same letter eg C embedding will be different in 2 different words Is my understanding correct Learning word embeddings by first learning character embeddings']"
14,647,14_image_object_box_detection,"['image', 'object', 'box', 'detection', 'object detection', 'bounding', 'bounding box', 'yolo', 'segmentation', 'yolov']","['segmentation mainly uses Fully Convolutional NetworkFCN architecture FCN is a CNN without fully connected layersFC segmenation can be thought as an encoder followed by a decoder Here encoder and decoder is FCN classification using CNN is a set of convolutional layersextract high level features of input image followed by one or more fully connectedFC layers or dense layersLast denseFC layer classify the input image into various classes YOLO is a regression based object detection algorithm based on CNN architectureIn YOLO image is split or segmented into S  S grid cellsEach grid cell predict only one object that means a cell tries to predict an object whose centre falls inside that cell For each grid cell CNN predicts B number of bounding boxesxywhxy is the centre of a bounding box relative to cell locationConfidence score of each predicted bounding box is also calculatedConfidence score of each bounding box is the IOU of predicted bounding box and ground truth bounding boxConfidence score represent how likely the bounding box contains an object C conditional class probabilities for each grid cellone per class Conditional class probability means probability of detected objects belongs to a class Shape of predictionoutput of CNN will be S  S B  5  C  number 5 represent xcenterycenterwidthheight of bounding box and its confidence score If an image is divided into 7  7 grid cells  2 bounding boxes are predicted for each cell and the total number of classes are 3 then shape of CNN output will be 7713', 'Confidence score Some resources like Andrew Ngs deepai here set the confidence of the corresponding label vector bounding box confidence to 1 if there is an object present at that grid cell This is because prof Ng is refering to true probability of an object being in a specific cell P extobject value and not the confidence score P extObject imes extIOU value Thereby we have two possible situations  P extobject  begincases 1 ext if an object is present in the cell 0 ext otherwise endcases  However this is not what YOLO is proposing to have as groundtruth value of confidence Citing the paper  Formally we define confidence as P extObject imes extIOU exttruth extpred If no object exists in that cell the confidence scores should be zero  Thereby the value of confidence that the network is trying to predict the confidence groundtruth label is given by  P extObject imes extIOU  begincases extIOU if an object is present in the cell 0 ext otherwise endcases  Because of this the other source mentioned in the question Oracles article is the correct one Bounding boxes question The paper states we should assing a bb predictor to a ground truth object but once we have done so that bounding box predictor is taken and married to that object so it cant be assigned to any other object in that grid cell During training I dont see why this can be a problem If the predicted bounding box of a certain grid cell has the highest IOU for two or more groundtruth bounding boxes whose center fall on this cell we can interpret that the predicted bounding box is trying to predict both groundtruth boxes it may happen for example if both ground truth boxes have similar sizes aspect ratios Concretely whats said by the authors is the following YOLO predicts multiple bounding boxes per grid cell At training time we only want one bounding box predictor to be responsible for each object We assign one predictor to be responsible for predicting an object based on which prediction has the highest current IOU with the ground truth This leads to specialization between the bounding box predictors Each predictor gets better at predicting certain sizes aspect ratios or classes of object improving overall recall The part in bold only implies that a groundtruth object is related only with one predicted bounding box Rightarrow a predicted bounding box can be related to more than one groundtruth object Edit Given whats said in the article during training if a predicted bounding box has the highest intersection over union with two different objects then the loss function will be related to both groundtruth bounding boxes For example if we have a look at the part of the loss function related to the prediction of the center of the bounding box hatxi hatyi  lambdacoordsumi0S2sumj0B1ijobjleft xihatxi2  yihatyi2 ight We have that xiyi are the coordinates of the center of the groundtruth bounding box and hatxihatyi are the predicted ones Given this particularizing to a certain grid cell i and to our predicted bounding box of interest j we have that its contribution to this part of the loss function is  lambdacoordleft xi0hatxi02  yi0hatyi02  xi1hatxi12  yi1hatyi12 ight Where the superscripts 0 and 1 represent each ob the groundtruth objects being detected As we see we will be computing this part of the loss using both groundtruth bounding boxes This makes sense if the objects that are being detected have similar sizes aspect ratios and are close to each other they fall on the same grid cell If we focus on the confidence score part of the loss function where we evaluate the predicted  extIOU hatCi with the ground truth  extIOU Ci sumi0S2sumj0B 1ijobjCi hatCi2 Then particularizing to a certain grid cell i and to a certain bounding box its double contribution will be given by Ci0 hatCi02  Ci1 hatCi12 Where the superscripts 0 and 1 have been used again to address this specific situation Note Delving into this question I realized that the previous arguments are just a interpretation of what the algorithm would do in this specific situation I think that another plausible methodology to follow on this situation would be to just use the groundtruth object with the highest  extIOU', 'I am trying to train a YOLO v3 network on a set of images but I am faced with a problem when preparing the training set Sometimes an image contains my object of interest but only half of the object is visible in the image eg half a cat with the rest out of frame How do I deal with that Should I Still including the bounding box of the partial object in the training set Only include bounding boxes for objects which are fully in the frame Only include bounding boxes of objects whose fractional area in frame is above a certain threshold eg objects that are in frame And if I need to include partial objects should I give the bounding box containing the part of the object visible in the frame Or should I give the bounding box which would thus go over the edges of the images of the true full object which I actually have access to YOLO how to deal with object partially in training image']"
15,640,15_action_reward_agent_state,"['action', 'reward', 'agent', 'state', 'reinforcement', 'policy', 'reinforcement learning', 'learning', 'rl', 'game']","['Any exploration function that ensures the behaviour policy covers all possible actions will work in theory with Q learning By covers I mean that there is a nonzero probability of selecting each action in each state This is required so that all estimates will converge on true action values given enough time As a result there are many ways to construct behaviour policies It is possible in Q learning to use equiprobable random action choice  ignoring current Q values  as a behaviour policy or even with some caveats learn from observations of an agent that uses an unknown policy There are practical concerns If the behaviour policy is radically different from optimal policy then learning may be slow as most information collected is not relevant or very high variance once adjusted to learning the value of the target policy When using function approximation  eg in DQN with a neural network  the distribution of samples of state action pairs seen has an impact on the approximation It is desirable to have similar population of input data to that which the target policy would generate In some situations a consistent policy over multiple time steps gives better exploration characteristics Examples of this occur when controlling agents navigating physical spaces that may have to deviate quite far from current best guess at optimal in order to discover new high value rewards These concerns drive designs of different exploration techniques The epsilongreedy approach is very popular It is simple has a single parameter which can be tuned for better learning characteristics for any environment and in practice often does well The exploration function you give attempts to address the last bullet point It adds complexity but may be useful in a nonstationary environment since it encourages occasional exploration paths far away from the current optimal one Now my question is are these 2 above strategies just 2 different ways of Q learning Yes Or can the exploration function be used along with the epsilon greedy Q learning algorithm as a form of some optimization Yes it should be possible to combine the two approaches It would add complexity but it might offer some benefit in terms of learning speed stability or ability to cope with nonstationary environments Provided the behaviour policy covers all possible actions over the long term then your choice of how exploration for offpolicy reinforcement learning works is one of the hyperparameters for a learning agent Which means that if you have an idea for a different approach such as combining two that you have read about then you need to try it to see if it helps for your specific problem  But not necessarily identical because the approximate Q function would then lose learning inputs that differentiate between optimal and nonoptimal behaviour This can be a tricky balance to get right and is an issue with catastrophic forgetting in reinforcement learning agents', 'If you want to train an AI agent then you should use RL but only if your agent has access to control of the game It should be able to play the game ie interact with the environment to be able to optimize its policy It doesnt matter if the reward is delayed but interaction is crucial So basically two elements interaction with the environment and reward gaining are needed for any RL model The model has to be able to explore and exploit its policy in the process of improvement thats why it has to receive feedback from its actions according to the current best policy not some random games If you want to just classify some game data units in your case collected from the game you should try different classification algorithms but not RL I wont be an AI agent it will be just a classification model so it wont be able to play the game One other option of learning how to play the game without actually playing for your agent would be to collect the data after each game but not only the data about the units ie states of the game environment but also the possible actions in each state and actions taken in those states Then you could hard code some heuristic search algorithm to look for the best possible action in each state of the game But then again you wont be able to test it unless your agent can interact with the game And it probably wont be as effective as RL trained agent So Id advise finding a way for an agent to have access to the game and then to try the RL algorithms', 'As your question was focused on reinforcement learning with RStudio Ie in R language BOOKS Hands on Reinforcement learning with R You Tube Reinforcement Learn Techniques with R packtpub tutorial series Reinforcement Learn Techniques with R  What Reinforcement Learning Can Do for You  packtpubcom Your First Reinforcement Learning Program Programming the Environment  packtpubcom Discover Algorithms for RewardBased Learning in R  packtpubcom The Course Overview First model based program Policy Evaluation and Iteration Programming model free environment using Monte Carlo  Q learning Building Actions Rewards Punishments using Simulated Annealing Alt to QLearning Hands on Reinforcement learning with R  code in action packt Markov decision process in action MultiArmed bandit models Dynamic programming for optimal policies Monte Carlo methods for prediction Temporal difference learning Reinforcement learning in Game applications MAB for financial engineering TD learning in healthcare Exploring deep reinforcement learning methods Deep Q learning using keras PDF Reinforcement Learning in R Reinforcement Learning in R by Nicolas Prllochs Stefan Feuerriegel Tutorial links HOW TO PERFORM REINFORCEMENT LEARNING WITH R Reinforcement Learning Qlearning An Introduction Part 1 Implementation using R Part 2 COURSES Reinforcement learning with RAlgorithmsAgentsEnvironmentUdemy enter link description here Reinforcement learning specialisation Coursera Lecture NOTES Reinforcement learning R slides Algorithms for Reinforcement Learning OTHER GENERAL RESOURCES not specific to R The chapter by Bertsekas Mastering Reinforcement Learning with Python Build nextgeneration selflearning models using reinforcement learning techniques and best practices Reinforcement Learning Algorithms with Python Learn understand and develop smart algorithms for addressing AI challenges Python Reinforcement Learning Projects Eight handson projects exploring reinforcement learning algorithms using TensorFlow Reinforcement Learning Industrial Applications of Intelligent Agents Handbook of Reinforcement Learning and Control 325 Studies in Systems Decision and Control Algorithms for Reinforcement Learning Csaba Szepesvari Nice compendium of ready to be implemented algorithms Reinforcement Learning and Dynamic Programming using Function Approximators Busoniu Lucian Robert Babuska  Bart De Schutter  Damien Ernst 2010 This is a very practical book that explains some stateoftheart algorithms ie useful for real world problems like fittedQiteration and its variations Reinforcement Learning StateoftheArt Vol 12 of Adaptation Learning and Optimization Wiering M van Otterlo M Eds 2012 Springer Berlin In Suttons words This book is a valuable resource for students wanting to go beyond the older textbooks and for researchers wanting to easily catch up with recent developments Optimal Adaptive Control and Differential Games by Reinforcement Learning Principles  Draguna Vrabie Kyriakos G Vamvoudakis  Frank L Lewis I am not familiar with this one but I have seen it recommended Markov Decision Processes in Artificial Intelligence Sigaud O  Buffet O editors ISTE Ld Wiley and Sons Inc 2010 I definitely suggest the books by Sutton and Barto as an excellent intro the chapter by Bertsekas for getting a solid theoretical background and the book by Busoniu et al for practical algorithms that can solve some nontoy problems I also find useful the book by Szepesvari as a quick reference for understanding an comparing algorithms There are also several good specialized monographs and surveys on the topic some of these are From Bandits to MonteCarlo Tree Search The Optimistic Principle Applied to Optimization and Planning by Remi Munos New trends on Machine Learning This monograph covers important nonconvex optimistic optimization methods that can be applied for policy search Reinforcement Learning in Robotics A Survey by J Kober J A Bagnell and J Peters A Tutorial on Linear Function Approximators for Dynamic Programming and Reinforcement Learning by A Geramifard T J Walsh S Tllex G Chowdhary N Roy and J P How Foundations and Trends in Machine Learning A Survey on Policy Search for Robotic by Newmann and Peters Foundations and Trends in Machine Learning markov decision process Algorithms for Reinforcement Learning Synthesis Lectures on Artificial Intelligence and Machine Learning NeuroDynamic Programming Optimization and Neural Computation Series 3']"
16,610,16_missing_missing value_value_imputation,"['missing', 'missing value', 'value', 'imputation', 'missing data', 'data', 'impute', 'column', 'null', 'feature']","['Empty cells can be considered NaN of missing values There are several ways to work with missing values You can check this source Encode NAs as 1 or 9999 This works reasonably well for numerical features that are predominantly positive in value and for treebased models in general This used to be a more common method in the past when the outofthe box machine learning libraries and algorithms were not very adept at working with missing data Casewise deletion of missing data Here you simply drop all casesrows from the dataset that contain missing values In the case of a very large dataset with very few missing values this approach could potentially work really well However if the missing values are in cases that are also otherwise statistically distinct this method may seriously skew the predictive model for which this data is used Another major problem with this approach is that it will be unable to process any future data that contains missing values If your predictive model is designed for production this could create serious issues in deployment Replace missing values with the meanmedian value of the feature in which they occur This works for numerical features The choice of medianmean is often related to the form of distribution that the data has For imbalanced data the median may be more appropriate while for symmetrical and more normally distributed data the mean could be a better choice Label encode NAs as another level of a categorical variable This works with treebased models and other models if the feature can be numerically transformed onehot encoding frequency encoding etc This technique does not work well with logistic regression Run predictive models that impute the missing data This should be done in conjunction with some kind of crossvalidation scheme in order to avoid leakage This can be very effective and can help with the final model Use the number of missing values in a given row to create a new engineered feature As mentioned above missing data can often have lots of useful signal in its own right and this is a good way to encode that information', 'There are multiple ways that you can deal with the missing values First check if the values are missing at random or due to some reason If they are missing due to some reason for eg lets say you stand outside a store asked people to fill a form And the form include Age Women tend to keep that column emptyIts a bad example but you know what I mean by missing due to some reason now On the other side lets say if you have weather data there might be missing values due to any unimaginable reason Thats a missing at random Now after this there are mainly four ways that you can use to impute values Impute missing values with some values eg 0 or 999 After that you can consider these values as outliers and either remove them or keep them Impute missing values with mean or median values This only works when you are with missing values in numerical column In this first look if the histogram is skewed or its normal If its skewed then use median value and if its normally distributed then you can either use mean or median You can use to fill the missing values Its an algorithmic way to fill the missing values based on the distance metric You can consider the whole column with the missing values as your target column and create models to predict on that column values One final word on missing values this is not a rule of thumb but if you have a column with missing values more than 25 then usually its a good idea to drop that column', 'It sounds like youre Dealing with Missing Data Missing data can be handled in two ways 1 delete values rows or columns or 2 perform imputation to replace missing values Before identifying a strategy to handle this missing data you should identify how the data is missing Missing Completely at Random MCAR means there is no difference in the observations with and without the missing values In other words the probability of the data being missing is the same for all classes in a classification problem Missing at Random MAR implies that there is a systematic difference in the observations with and without the missing values but that the difference is related to some of the observed data Perhaps temperature is unlikely to be measured if you have pressure and volume for example Missing Not at Random MNAR mean the probability of value being missing varies for unknown reasons Once you have diagnosed the missingness you can select an appropriate technique accordingly This may be removing the data imputing the data or a combination of both ie removing one column and imputing another Removing Data Pairwise deletion can be applied to delete all rows with missing values Training will only occur on rows with complete data This will introduce bias if the data is not MCAR and will not allow you to make predictions on future data that contains missing data Alternatively entire features can be dropped if they have a high percentage of missing values The effect of this on the model should be explored Imputation If you are interested in retaining all of the data imputation can be applied to fill missing values using a strategy Sklearn has a SimpleImputer that has 4 strategies to choose from when imputing a column filling with the mean median or most frequent value in that column or applying a constant By using constant for example you could represent unknown values with the string unknown I noticed that you mentioned numerical values in your question For the numerical variables adding a new column to indicate missing data might be appropriate depending on the pattern of missingness This could be useful as an MNAR imputation technique Interpolation can be used as an imputation technique to extrapolate the missing data as a function of the other observations You did not mention what you are trying to model but based on the features you provided this might be appropriate If you are working with time series data you should explore imputation techniques specific to time series problems such as Last Observation Carried Forward LOCF which replaces the missing value with the last observed value Other Resources You can also look into KNearest Neighbors as an imputation method It can identify the most frequent value among K neighbors where nearness is based on distance between observed values Be careful using this on data that has a high number of binary features Another topic to explore might be multiple imputation for a more advanced technique']"
17,607,17_bert_token_sentence_word,"['bert', 'token', 'sentence', 'word', 'embeddings', 'bert model', 'tokenizer', 'task', 'masked', 'model']","['When BERT is used for masked language modeling it masks a token and then tries to predict it What are the candidate tokens BERT can choose from Does it just predict an integer like a regression problem and then use that token Or does it do a softmax over all possible word tokens For the latter isnt there just an enormous amount of possible tokens I have a hard time imaging BERT treats it like a classification problem where  classes   all possible word tokens From where does BERT get the token it predicts From where does BERT get the tokens it predicts', 'When you run BERT you get one vector per input token  1 special token called  1 special token called  Maybe more precise than calling BERT embeddings as embeddings would be calling them hidden states of BERT The contextual information get into the embeddings via 12 layers of selfattentive neural network However the tokenization is tricky with BERT the tokens are not words It uses socalled WordPieces to represent the input ie less frequent words are split into smaller units so at the end there are no OOV tokens With the BERT Base Cased model the tokenization looks like this   When BERT is trained there are always two sentences separated by the token The embedding of the is used to predict if the two sentences follow each other in a coherent text In sentence classification tasks the embedding of the token is used as an input to the classifier', 'BERT is trained on a combination of the losses for masked language modeling and next sentence prediction For this BERT receives as input the concatenation of the special token  the first sentence tokens the special token  the second sentence tokens and a final  CLS  First sentence tokens  SEP  Second sentence tokens  SEP Some of the tokens in the sentences are masked out ie replaced with the special token  BERT generates as output a sequence of the same length as the input The masked language loss ensures that the masked tokens are guessed correctly The next sentence prediction loss takes the output at the first position the one associated with the input and uses it as input to a small classification model to predict if the second sentence was the one actually following the first one in the original text where they come from Your task is neither masked language modeling nor next sentence prediction so you need to train in your own training data Given that your task consists of classification you should use BERTs first token output  output and train a classifier to tell if your first and second sentences are semantically equivalent or not For this you can either train the small classification model that takes as input BERTs first token output reuse BERTgenerated features train not only the small classification model but also the whole BERT but using a smaller learning rate for it finetuning In order to decide whats best in your case you can have a look at this article In order to actually implement it you could use the popular transformers python package which is already prepared for finetuning BERT on custom tasks eg see this tutorial']"
18,602,18_tensorflow_kera_tensor_error,"['tensorflow', 'kera', 'tensor', 'error', 'code', 'shape', 'pytorch', 'api', 'using', 'input']","['As of October 2020 In terms of basic neural network functionality they are pretty equivalent Some differences Stability tensorflow 20 underwent a lot of changes from tensorflow 1x specifically in the very way it worked they changed from a computational graph paradigm to an imperative paradigm This caused a lot of friction and left many underlying problems in tensorflow API coherence tensorflow API has evolved and changed a lot and through its evolution many pieces of functionality were duplicated and later where deprecated and removed Also there is a framework called Keras which at the beginning was a separate piece of code but now is integrated in tensorflow The coexistence of tensorflow and keras brought tension see here The Pytorch API has been more consistent over time Documentation the API of tensorflow has changed a lot over the time that many tutorials and stackoverflow questions are outdated Pytorch has changed less and has kept good backward compatibility so while there are some tutorials that may include outated practices most of them should work Deployment tensorflow is known to be better suited for production scenarios eg it has tensorflow serving for exposing trained models through a service This however is changing and now there are official alternatives for model deployment for pytorch Mobile support tensorflow lite is the official way of having deep learning models use the GPU of Android mobile devices so its easier to deploy on Android if you use tensorflow Note that while there is a mobile version of Pytorch it does not support GPU yet So how to choose This is my opinion Use tensorflow if you have a specific reason for using it eg you want to deploy on Android easily you want to use tensorflow serving you want to reuse models that are only available for tensorflow Use pytorch in any other case', 'This makes more sense when understood in its historical context These were the chronological events Theano 01 is released It would dominate the deep learning framework scene for many many years Keras is created by Franois Chollet The goal was to create an abstraction layer to make Theano easier to use enabling fast prototyping Google hires Franois Chollet Tensorflow is released by Google with much inspiration from Theano and its declarative computational graph paradigm Keras is refactored to allow for pluggable backend engines and now it offers backend implementations for Theano and Tensorflow Other backends were later supported by Keras CNTK MxNet but they never got much traction Time passes by and the overlap between Tensorflow and Keras grows Tensorflow ends up duplicating many of the functionalities in Keras apart from the multiple APIs within Tensorflow that also had big overlaps Theano is discontinued Keras is bundled with Tensorflow as  From this point on there are 2 different Keras the one bundled with Tensorflow and the one that supports multiple backend engines Both are maintained by the same people and are kept in sync at API level At some point the roadmap for Tensorflow 20 is defined choosing to pursue an imperative model like PyTorch The person leading the Tensorflow API refactoring is Franois Chollet This refactoring included a reorganization of the functionality to avoid duplications some crucial functionalities of Tensorflow are to be moved to  generating a heated debate Keras 23 is announced to be the last release of the multibackend version of Keras Now THE ANSWER to your question Tensorflow is the most used Keras backend because it is the only one with a relevant user base that is under active development and furthermore the only version of Keras that is actively developed and maintained is one with Tensorflow So summing up At the beginning of Keras the overlap with Tensorflow was small Tensorflow was a bit difficult to use and Keras simplified it a lot Later Tensorflow incorporated many functionalities similar to Keras Keras became less necessary Then apart from the multibackend version Keras was bundled with Tensorflow Their separation line blurred over the years The multibackend Keras version was discontinued Now the only Keras is the one bundled with Tensorflow Update the relationship between Keras and Tensorflow is best understood with an example The dependency between Keras and Tensorflow is internal to Keras it is not exposed to the programmer working with Keras For example in the source code of Keras there is an implementation of a convolutional layer this implementation calls package to actually run the convolution computation depending on the Keras configuration file this backend is set to use the Tensorflow backend implementation in  this Keras file just invokes Tensorflow to compute the convolution Update new important events in the timeline  Tensorflow 260 no longer has Keras as part of it Keras has now its own PIP package  and lives on its own github repo  Keras 30 has again support for multiple backends including Tensorflow JAX and Pytorch and also Numpy only for inference', 'I am using Keras Tensorflow']"
19,580,19_fold_cv_crossvalidation_kfold,"['fold', 'cv', 'crossvalidation', 'kfold', 'validation', 'set', 'cross validation', 'test', 'cross', 'hyperparameter']","['After reading a lot of articles on cross validation I am now confused I know that cross validation is used to get an estimate of model performance and is used to select the best algorithm out of multiple ones After selecting the best model by checking the mean and standard deviation of CV scores we train that model on the whole of the dataset train and validation set and use it for real world predictions Lets say out of the 3 algorithms I used in cross validation I select the best one What I dont get is in this process when do we tune the hyperparameters Do we use Nested Cross validation to tune the hyperparameters during the cross validation process or do we first select the best performing algorithm via cross validation and then tune the hyperparameter for only that algorithm PS I am splitting my dataset into train test and valid where I use train and test sets for building and testing my model this includes all the preprocessing steps and nested cv and use the valid set to test my final model Edit 1 Below are two ways to perform Nested cross validation Which one is the correct way aka which method does not lead to data leakageoverfittingbias Method 1 Perform Nested CV for multiple algorithms and their hyperparameters simultaneously Method 2 Perform Nested CV for single algorithm and its hyperparameters Cross validation and hyperparameter tuning workflow', 'I am training a CNN and I divided the dataset into 70 training set 20 validation set and 10 test set What I want is to use this validation set for early stopping to avoid overfitting the model for every training Iteration So my approach is as follows 1 Divide the dataset into Train  Validation  Test sets 2 Apply KFold CrossValidation only on the training set  where I will train the model on K1 folds validate on the remaining fold and I will use the validation set held separately for tuning purpose for early stopping and model checkpoint during each training iteration 3 After the CrossValidation process I will train the model on the entire training set  and then evaluate the model on the test set which was untouched while using the validation set for early stopping and model checkpoint Is this a good approach  Or I could use KFold CV on the training set then use the external validation set only once for early stopping during final training on the entire 70 training set and then evaluate the final model on the test set Or is there is another approach that is better than these ones Is this a good way to use a separate validation set with kfold crossvalidation', 'For a project I want to perform stratified 5fold crossvalidation where for each fold the data is split into a test set 20 validation set 20 and training set 60 I want the test sets and validation sets to be nonoverlapping for each of the five folds This is how its more or less described on Wikipedia A single kfold crossvalidation is used with both a validation and test set The total data set is split in k sets One by one a set is selected as test set Then one by one one of the remaining sets is used as a validation set and the other k  2 sets are used as training sets until all possible combinations have been evaluated The training set is used for model fitting and the validation set is used for model evaluation for each of the hyperparameter sets Finally for the selected parameter set the test set is used to evaluate the model with the best parameter set Here two variants are possible either evaluating the model that was trained on the training set or evaluating a new model that was fit on the combination of the train and the validation set Right now Ive implemented something that looks like the following described here Although it does quite nicely provide me with 5 folds whereby for each fold I have a validation set test set and training set the validation sets have overlap between each of the five folds so some instances present in fold 1 are also present in fold 2 etc For the test sets this is not the case ie they do not have overlap between folds Is there a way to prevent this overlap between folds from occurring for the validation set as well Kfold crossvalidation with validation and test set']"
20,579,20_activation_layer_relu_activation function,"['activation', 'layer', 'relu', 'activation function', 'neuron', 'function', 'network', 'neural', 'neural network', 'linear']","['So I think there are a few concepts being mixed up in your question I will do my best to address them one by one The weight matrix you refer to if its the same one as Aneesh Joshis post is related to attention a concept in Deep Learning that in simple terms changes the priority given to different parts of the input quite literally like human attention depending on how it is configured This is not necessarily a the weight of a single neuron in a neural network so I will come back to this once I have cleared up the other concepts To understand Transformers and NLP models we should go back to just basic neural networks and to understand basic neural networks we should understand what a neuron is how it works and how it is trained History break basically for a long time in particular popularity since the 1800s a lot of modelling was done using linear models and linear regression you see the effects of this in classical statisticseconometrics However as the name implies this only captures linear relationships There were two questions that led to resolving this 1 how do we capture nonlinear relationships 2 how do we do so automatically in an algorithmic manner For the first one many approaches existed such as Logistic regression You might notice that in logistic regression there is still a linear equation that is being estimated just not as the final output This disconnect between the input linear equation and output nonlinear equation is now known as having an input Linear cell with an Activation function In logistic regression the Activation function is the logistic function whereas in linear regression it is just the Identity function In case it is still not clear imagine this Input  Linear Function  Activation Function  Output Putting that entire sequence together gives you the Perceptron first introduced in the 1940s Methods of optimizing this were done via gradient descent and various algorithms Gradient descent is probably the most important to keep in mind and helps us answer the second question Essentially what you are trying to do in any form of automated model development is you have some linear equation ie y  beta imes w  beta0 which you feed an input pass through an activation function ie Identity sigmoid ReLu tanh etc then get an output And you want that output to match a value that you already know in statistics imagine y and yhat In order to do that at least in the case of a continuous target class you need to know how far off is your prediction from the true value You do this by taking the difference However the difference can be positive egative so usually we have some way of making this semidefinite positive by either squaring Mean Squared Error or taking the absolute value Mean Absolute Error This is known as our loss function Essentially we would have developed a good estimatorpredictormodel if our loss is 0 which means that our prediction matches our target value Linear regression solves this using Maximum Likelihood Estimation Gradient descent effectively is an iterative algorithm that does the following First we take the derivative of our loss function with respect to one of our model weights ie w and we apply something similar to the update that happens in the NewtonRaphson method namely wnew  wold  step imesfracdLdw where step is a stepsize either fixed or changing A stopping condition is typically if your change from the new weight to the old weight is sufficiently small you stop updating as you have reached a minimum In a convex scenario this would also be your global minimum however classically you have no way of knowing this which is why multiple algorithms use some approaches like random starts multiple starting points randomly generated to try and avoid getting stuck in local minima aka a loss value that is low but not the lowest it could be Ok so if you have read that take a quick stretch and process it since I am not entirely sure of the readers background so it may have been a lot to process or fairly straightforward So far we covered how to capture nonlinear relationships and how to do it in an automated way So does a single neuron train like that Yes Do a collection of neurons train like that No Recall that a neuron is just a linear function with an activation function on top that performs some form of gradient descent However a neural network is a chain of these sometimes interconnecting etc So then how do we get a derivative of the loss which is at the end of a network to the very beginning Through a technique that took off in the mid1980s the technique called backpropagation as a rediscovery of techniques dating back to the 1960s Essentially we take partial derivatives and then through an application of the chain rule are easily able to propagate various portions of the loss backwards updating our weights along the way This is all done in a single pass of training and thankfully automatically The classical approach is to feed in your entire dataset THEN take the loss gradient known as Gradient Descent Or you can feed only a single data point before updating known as Stochastic Gradient Descent There is of course a middle ground thanks to GPUs taking a batch of points known as Batch learning A question that might have come up is is the derivative of our loss function just linear No because the activation can be nonlinear so essentially you are taking the derivatives of these nonlinear functions and that can be computationally expensive The popular choice today is ReLU Rectified Linear Unit which for some linear output y is basically a max function saying output  maxy0 thats it Things like weight initialization make more of an impact as performance across different nonlinear activation functions are pretty comparable Ok so we covered how a neuron works and how a neural network optimizes its weights in a single pass A side note is you will often hear trainvalidationtest set which are basically splits of your dataset You split your dataset prior into a training subset for well training which is where you modify the weights through the process I described above for the entire training set or each data point or batches of data points if you are using GPUsbatches in Deep Learning Usually your data might need to be transformed depending on the functions you are using and the mistake most practitioners make is preprocessing their data on the entire dataset whereas the statistically correct way of doing so is on the training set only and extrapolating to the validationtest set using that since in the real world you may not have all the information The validation set is there for you to test out different hyperparameters like stepsize above otherwise known as learning rate or just compare different models The test set is the final set that you use to truly see the quality of your model after you have finished optimizingtraining above Now we can finally get to your question on attention As I described a basic neural network you may have noticed that it receives an input once does a run through and then optimizes Well what if we want to get inputs that require some processing Like images Well this is where different architectures come up and you can read this all over the web I recommend D2Lai or FastAIs free course and for images the common one are Convolutional Neural Networks which were useful in capturing reoccurring patterns and spatial locality Sometimes we might want more than one input aka a previous input influencing how we process this next input this is where temporal based architectures come in like Recurrent Neural Networks and this was what was initially used for languages but chaining a bunch of neurons takes a while to process since we cant parallelize the operations which is where the speed of neural network training comes from Plus you would have to have some way of preprocessing your language input such as converting everything to lowercase removing nonuseful words tokenizing different parts of words etc depending on the task There was quite a lot to deal with Up until a few years ago when Attention based models came out called Transformers and they have pretty much influenced all aspects of Deep Learning by allowing parallelization but also capturing interactions between inputs A foundational approach is to preprocess inputs using an attention matrix as you have mentioned The attention matrix has a bit of complexity in terms of the math Neuromatchs course covers this well but to simplify it it is effectively the shared context between two inputs one denoted by the columns the other the rows like two sentences The way this is trained and it depends on the model is generally by taking an input and converting it into a numerical representation otherwise known as an embedding and outermultiplying these two vectors to produce a symmetric matrix which obviously has the strongest parts on the main diagonal The idea here is to then zero out the main diagonal and then train the network to try and use the remaining cells to fill this main diagonal in you can once again do this via a neural network and the process described above Then you can apply this mechanism with two different inputs In a translation task for example you would have a sentence in language A and another in B and their matrix would highlight the shared context which may not be symmetric depending on the word orderstructure etc Transformers are not like Recurrent Neural Networks in that they take an input at once and then give an output but compromises exist and pretraining models is also a thing There is a lot I havent touched upon but the resources I mentioned should be a useful starting point and I wish you luck in your Data Science journey', 'Activation functions such as tanh are used in artificial neural networks to introduce nonlinearity into the output of a neuron Without a nonlinear activation function a neural network would simply be a linear function of its inputs which would severely limit its ability to model complex relationships between input and output Tanh short for hyperbolic tangent is one of several activation functions that can be used in neural networks It is a nonlinear function that maps the input to an output in the range of 1 to 1 Tanh is a popular choice of activation function because it is differentiable which allows for the use of gradientbased optimization algorithms during the training of the neural network Additionally it has a nice property of being zerocentered which can help in reducing the bias in the neural network Other activation functions such as ReLU rectified linear unit and sigmoid are also commonly used in neural networks Each activation function has its own strengths and weaknesses and the choice of activation function depends on the specific problem and network architecture', 'what are your activation functions']"
21,559,21_multilabel_class_label_classification,"['multilabel', 'class', 'label', 'classification', 'multiclass', 'multilabel classification', 'problem', 'classifier', 'multiclass classification', 'one']","['The main assumption in supervised learning is that the training set is a representative sample of the space of all possible instances for the problem This is why in the regular classification setting there is simply no way to consider a not in any class option what the model learns is to distinguish between the classes seen in the training set nothing else In the standard onevsrest multiclass setting Its important to understand that the model doesnt predict whether an instance is likely to belong to class A in general it only predicts whether the instance is more likely to belong to class A compared to any other known class This is a common misunderstanding but onevsrest is not an answer to the problem of not in any class There are options to deal with this problem but one must design the system so that the model can deal with such cases In general the problem is actually openset classification in regular classification the set of possible classes is closed as mentioned above The openset classification setting is much less standard and usually harder since the model has to make a prediction about something it does not know from its training data Here are a few options Treat the problem as an outlier detection problem before running the regular classifier eliminate abnormal instances which dont look like the regular training set cases Multilabel classification in multilabel classification an instance may belong to zero one or several classes A binary classifier is trained for every class and an instance may belong to none of the classes This is more flexible than multiclass classification but its still closedset classification for example the model is supposed to have seen examples in the training set which dont belong to any class Oneclass classification is a type of classification where the model learns to identify a single class in general not by contrast to any other class This is proper openset classification if a model is trained for every known class and every model predicts the instance as negative then the instance doesnt belong to any known class', 'Context We work on medical image segmentation There are a lot of potential labels for one and the same region we segment There can be different medically defined labels like anatomical regions more biological labels like tissue types or spatial labels like leftright And many labels can be further differentiated into hierarchical sub labels Clarification The question is with respect to the number of classes  target labels which are used in a multilabel classificationsegmentation It is not about the number of samples and not about the number of input features Hypothesis Are more target labels in a multilabel classification always better Yes even if these labels are not used for the final task they act as additional features  more knowledge during training 11 Yes but only if the labels are good  not misleading 12 Yes even subpar labels can act as noisy labels still supporting the training No more specialized models work better and are easier to train including only the really relevant labels A colleague and I had a disagreement on this and I was sure that someone already did some research on this Surprisingly my short literature search did not bring up anything useful Most results are on more samples or more features For more samples my understanding is that more samples is generally better but there is a point of no return For more features the current state seems to be it depends I would guess that both of these results are also applicable to more labels but I would be interested in further insights Are you aware of any research covering this question Any personal experience in multilabel classificationsegmentation In response to Erwans reply lets assume the 2 classes vs 100 classes example The point on overall performance undoubtably being lower makes sense random baseline example But thats not really a metric one cares about What we care about is the individual label performance The scenario we have is that these 2 classes are mainly important but we also have knowledge about these other 98 classes The question then becomes if we should include all that information during training in the form of labels or not and how that will affect the performance of the 2 classes My thought process is with respect to multitask learning which by my knowledge is proven to work well This could hint again towards a it depends For example given a hierarchy of labels lets say class 1 2 and 3 Class 2 and 3 can only be a subset of class 1s area If we are only interested in class 2 and 3 would including class 1 help My assumption would be that class 1 adds context and limits to class 2 and 3 If we are only interested in class 1 would including class 2 and 3 help Here Im unsure Class 2 and 3 could give additional structure  information on the expectable content of class 1 So it could make it more robust disclaimer Im biased towards more labels being better Are more target labels in a multilabel classification always better', 'Its a multilabel classification problem']"
22,514,22_linear_regression_polynomial_linear regression,"['linear', 'regression', 'polynomial', 'linear regression', 'x', 'beta', 'fit', 'variable', 'line', 'intercept']","['Linear regression is extremely easy to compute The model is defined in matrix form  y  X beta  u  The X are the explanatory variables and u is the statistical error term The columns in matrix X are the variables or features As long as there are more rows observations than columns variablesfeatures it is extremely easy to compute the coefficients beta You just need to solve the equation  hatbeta  XX1 Xy Even with relatively large datasets computers can solve this equation very fast Alternatively you can use gradient descent to find the optimum How is the optimum obtained so how is the vector beta found The criterion simply is to find a vector beta which minimises the sum of squared errors u2 for given X You can adress nonlinearity in X to some extent using linear regression Say there is one explanatory variable x we can write a linear model like  y  beta0  beta1 x  u  This basically is a linear function with intercept beta0 and slope beta1 Now suppose that the true data are not perfectly linear but show some nonlinear pattern In this case you can add additional terms to your model to try to capture this nonlinearity Any linear transformations of x are allowed eg you could write models like  y  beta0  beta1 x  beta2 x2  u   y  beta0  beta1 x  beta2 x2    betan xn  u   y  beta0  beta1 logx  u  Using such linear transformations of x it is often possible to capture quite a lot of nonlinearity in x You can even combine several linear models to one model in order to capture quite wild nonlinearity in x these models are called generalised additiive models GAM Regarding your second question Also linear models can capture a high degree of complexity in data especially in case many x are included in the regression So there is no exante reason to believe that linear models will in general perform worse than other models like treebased or neural nets Also the principle of parsimony says that we should prefer a less complex model over a more complex one if the more complex model does not yield better results than the less complex model If the information in your training set comes from the same data generating process DGP like the information in the data you want to predict you may be able to produce proper predictions Suppose you employ an extremely fancy model to learn a DGP but when it comes to predictions the data you have to predict some outcome come from an entirely different DGP In this case you will likely produce very bad predictions regardless of what model you employed in the first place So first of all make sure that you choose a model which is able to describelearnpredict some outcome in a good way in the training data without being unnecessarily complex Second make sure that the data you want to predict comes from the same DGP as the data you used for training In essence your model can only predict what it has learned before Have a look at Introduction to Statistical Learning its a great book which is also available online as PDF It also comes with R labs', 'A linear regression line has an equation of the form y  beta0  beta1 x where x is the explanatory variable and y is the dependent variable The slope of the line is beta1 coeff and beta0 is the intercept the value of y when x  0 The most common method for fitting a regression line is the method of leastsquares This method calculates the bestfitting line for the observed data by minimizing the sum of the squares of the vertical deviations from each data point to the line if a point lies on the fitted line exactly then its vertical deviation is 0 Because the deviations are first squared then summed there are no cancellations between positive and negative values Ordinary least squares OLS is the most common estimator OLS estimates are commonly used to analyze both experimental and observational data The OLS method minimizes the sum of squared residuals and leads to a closedform expression for the estimated value of the unknown parameter vector  hat boldsymbol beta mathbf X mathsf Tmathbf X 1mathbf X mathsf Tmathbf Y where Y is a vector whose ith element is the ith observation of the dependent variable and X is a matrix whose ij element is the ith observation of the jth independent variable NOTE Higherorder polynomial regression can be treated as an extension to linear regression by treating x2 x3  as extra features and using linear least squares with previous formula That is one uses linear least squares on y  beta0  beta1 x  beta2 x2   where x x2 x3  are assumed as different features In statistics polynomial regression is a form of regression analysis in which the relationship between the independent variable x and the dependent variable y is modelled as an nth degree polynomial in x Polynomial regression fits a nonlinear relationship between the value of x and the corresponding conditional mean of y denoted Ey x Although polynomial regression fits a nonlinear model to the data as a statistical estimation problem it is linear in the sense that the regression function Ey  x is linear in the unknown parameters that are estimated from the data For this reason polynomial regression is considered to be a special case of multiple linear regression References', 'Linear regression']"
23,475,23_rmse_mae_r_mse,"['rmse', 'mae', 'r', 'mse', 'error', 'metric', 'mean', 'score', 'model', 'value']","['I have run a lighgbm regression model by optimizing on RMSE and measuring the performance on RMSE The model keeps improving during the 500 iterations Here are the performances I obtain on MAE MAE on train  1080571 MAE on test  1258383 But the metric Im really interested in is MAE so I decided to optimize it directly and choose it as the evaluation metric Against all odds the MAE performance decreases both on train and test MAE on train  1277689 MAE on test  1285950 When I look at the models logs it seems stuck in a local minimum and doesnt improve after about 100 trees Do you think that the problem is linked with the nondifferentiability of MAE Here are the learning curves MAE evolution when optimizing RMSE MAE evolution when optimizing MAE Optimizing MAE degrades MAE metrics', 'it is not MSE It is MAE', 'As you already noticed MSE Mean Squared Error and MAE Mean Absolute Error have different scales In a regression problem MSE squares the error meaning it penalises the model more heavily when the errors are large On the other hand MAE measures the the absolute magnitude of the error meaning it treats small or large errors the same way Larger errors can usually mean there were outliers in your data which led to larger errors when using MSE than MAE So MSE is good in regression problems where minimising large errors is important One solution that would not deviate from your original equation would be to use RMSE Root Mean Squared Error instead of MSE as the scale would be the same between them RMSE is the root of MSE  hence it is also sensitive to large errors and outliers like MSE However the difference is that MSE is on the same unit and scale as the values your regression model is outputting like MAE Therefore in your formula you could replace with  which will keep both metrics be on the same scale and unit and you could use to decide how your score favours a type of model over another For a regressor with a balanced view use a higher value of a regressor with less large errors use a smaller value of  You could finetune the value of to see which regressor best fits your purpose']"
24,465,24_convolution_layer_filter_kernel,"['convolution', 'layer', 'filter', 'kernel', 'channel', 'convolutional', 'convolutional layer', 'size', 'input', 'pooling']","['Im making my way through Deep Learning research papers starting with AlexNet and I found differences in the implementation of PyTorch and Tensorflow that I cant explain In the research paper they define the model architecture with The first convolutional layer filters the 224x224x3 input image with 96 kernels of size 11x11x3 with a stride of 4 pixels this is the distance between the  receptive field centers of neighboring neurons in a kernel map The second convolutional layer takes as input the responsenormalized and pooled output of the first convolutional layer and filters it with 256 kernels of size 5x5x The third fourth and fifth convolutional layers are connected to one another without any intervening pooling or normalization layers The third convolutional layer has 384 kernels of size 3x3x256 connected to the normalized pooled outputs of the second convolutional layer The fourth convolutional layer has 384 kernels of size 3x3x192 The fifth convolutional layer has 256 kernels of size 3x3x192 Note Fully Connected layers are not inlcuded Here is the PyTorch implementation of the model And the Tensorflow implementation Note Tensorflow applies ReLU activation to every layer Why both implementations have a first layer with a kernel of 64 where the paper mentions a kernel of 92 Why both implementations have a second layer with a kernel of 192 where the paper mentions a kernel of 256 PyTorch Why is there a padding of 2 on layers 1 and 2 PyTorch Why is there a kernel of 256 for the 4th layer where it should be a kernel of size 384 AlexNet Research Paper VS PytTorch and Tensorflow implementation', 'It looks like the first CNN layer in the paper you mentioned is a 1D convolutional layer which is different from a 2D convolutional layer conv2D that is commonly used for image processing tasks In a 1D convolutional layer the kernel is applied along a single dimension eg the time dimension in a time series whereas in a 2D convolutional layer the kernel is applied to a 2D region of the input feature map To implement the first CNN layer described in the paper using PyTorch you can use the module which is designed for 1D convolutional layers The module takes in three main arguments the input channel size the output channel size and the kernel size You can set the input channel size to 4 since the input tensor has 4 channels the output channel size to 32 as stated in the paper and the kernel size to 3 As for the output size of the first CNN layer it is determined by the kernel size the stride and the padding The output size is calculated as outputsize  inputsize  kernelsize  2  padding  stride  1 Therefore you can choose the stride and padding to make the output size of the first CNN layer match the desired size of 2x5 For example if you set the stride to 2 and the padding to 0 the output size will be 10  3  2  1  4 which is not what you want Instead you can try setting the stride to 1 and the padding to 1 in which case the output size will be 10  3  2  1  1  1  8 This is larger than the desired output size of 2x5 but you can later use pooling or other techniques to reduce the size of the feature maps In general it is usually a good idea to design the architecture of a neural network to match the characteristics of the input data and the desired output rather than trying to fit the output of one layer into a predetermined input size of the next layer For example in this case you can consider the size of the input tensor the kernel size the stride and the padding to determine the output size of the first CNN layer However it is also important to consider the computational complexity and the capacity of the model as well as the tradeoff between the accuracy and the efficiency of the model', 'My first question is What are the filters Convention in Deep Learning is to call the weights used in the convolution either filters or synonymously kernels Other fields make a distinction between these two terms  in my book the array of weights is the kernel and the operation that performs a convolution with those weights is the filter Ie a filter is a function that takes some input eg image and gives you a well filtered image With the understanding that were talking convolutional filters training the kernel is equivalent to training the filter because the filter is completely defined by the weights in the kernel Mathematically speaking convolutional filters are the class of linear timeinvariant filters with compact support But how are they getting initialized Theres a myriad of ways see other answers how does someone backpropagate the filter of the convolutional layer Thats where it does pay off for understanding to make a distinction between filters and kernels What youre actually doing is passing two arguments to the convolution operation the kernel and the input  fkx  kstar x  The filter is f partially applied to the kernel  fk  backslash x mapsto fkx  That is what youre eventually interested in after training the kernel will be fixed so the filter is only a function of x But you cant really backpropagate the filter at least in the common frameworks because its a function What you backpropagate is the kernel and that works the same way as youd backpropagate any other parameters you evaluate f together with its derivatives of both arguments for one particular x in the forward pass and then send through a dual vector in the backwards pass that tells you the gradient contributions in both x and k The one in x you backpass further to the preceding layer the one in k you use for the learning update Secondly I have noticed that I can add an activation function to the convolutional layer in Keras Yes but the activation isnt really part of the convolution operation Its best understood as a separate layer but because it doesnt have any parameters and because CNNs typically contain a Relu after each and every convolution Keras has a shortcut for this  gkx  operatornameRelufkx   gk  biglbackslash xmapsto operatornameRelufkxbigr  operatornameRelu circ fk  To backpropagate this you first pull the backwards pass through the activations derivative before getting to the convolution Last but not least does a convolutional layer have weight and biases like a dense layer Yes the weights are in the kernel and typically youll add biases too which works in exactly the same way as it would for a fullyconnected architecture One thing that is important in convolutional architectures and often not really explained very well is that one such layer isnt actually just a single convolutional filter but a whole bank of such filters each with its own kernel Thus for every input you get a whole family of outputs which are called channels  fimathbfkx  fkix  Then you pass all of those to the next layer ie the layers also need to accept multiple channels  which is again handled by having multiple kernels ie you have a whole matrix of kernels A mathematical way of looking at this is that the signal flow contains not vectors in the space I of images but in a tensorproduct space mathbbRmotimes I where m is the number of channels And on the channel space youre actually performing fullyconnected When people talk about 1 imes1 convolutional layers it means theyre not actually performing a meanigful convolution at all but just a fullyconnected matrix between the channels']"
25,449,25_question_edited_answer_updated,"['question', 'edited', 'answer', 'updated', 'updated answer', 'edited question', 'edit', 'edited answer', 'updated question', 'please']","['edited the answer', 'I edited my question', 'I edited my question']"
26,438,26_recall_precision_confusion matrix_confusion,"['recall', 'precision', 'confusion matrix', 'confusion', 'positive', 'class', 'matrix', 'precision recall', 'negative', 'f']","['In Brief Can a sample be both FN and FP No in Binary Yes in Multiclass This is a problem of interpretation of what matters or what is the focus as in these classes are Positive and rest Negative No not within the same binary confusion matrix A single sample pair human machine results in a single occurrence added to the confusion matrix like adding a tally to a board In binary classification your confusion matrix will only consist of the classic 4 possibilities forming a 2x2 matrix Where the Human serves as the accepted source of truth Total Population Machine Positive Machine Negative Human Positive True Positive False Negative Human Negative False Positive True Negative This is a recreation of a table from Confusion Matrix page on Wikipedia To view those labels in the example you provided as a binary classification problem you must reduce the labels into a binary outcome Once you have an appropriate mapping of binary state you get the above matrix and a single occurrence cannot be both FN and FP Yes when measuring recall over multiple classes To estimate recall  fracTPP  fracTPTP  FN thus rows in our confusion matrix with humans as truth Straight forward for the binary case To estimate recall for a multiclass classification you would calculate the recall per row of cm then take their average Recall  True Positive Rate This is how scikitlearnmetricsrecallscore measures it and has a parameter for how to conduct the average Your example has the following CM with Humans as ground truth rows and the companies indicated by the first letter of their name and the missing value as emptyset T W M A emptyset T 0 0 0 0 2 W 0 1 0 0 0 M 0 0 1 0 0 A 1 0 0 0 0 emptyset 1 0 0 0 0 Measuring the recall per class row would mean to consider for one row a false negative what would be considered a false positive for another class Given it seems there is not a current binary mapping of those company names if you view this as a binary evaluation as you initially did you may only check if the machine matches the human if the human is deemed as the truth and so you only get True Positive for a match and as there are only Positives single row 1x2 matrix FP  0 and FN  0 Incorrect matches all in FN because the source of truth never has a negative value it only specifies what is positive In this case recall is equivalent to accuracy though is not really a confusion matrix In general I typically recommend Matthews Correlation Coefficient which is a multiclass classification generalization of Pearsons Correlation Coefficient as it is a measure that uses the whole confusion matrix rather than only parts Scikit learn has this too Though use whatever measure fits your purpose More on Multiclass Classification Evaluation with a Confusion Matrix As noted in brewmaster321s answer you can use a confusion matrix for multiple class classification which better suits your example This way an occurrence will go to the Machine said Target Human said Apple Inc box instead of some binary class that loses that possibly useful information Out of convenience on my part here is a screenshot of an informative visual I made for a paper of mine currently under review We dealt with both binary and multiclass classification together Binary case of Known vs Unknown but where there were multiple classes within their corresponding known and unknown set The most informative confusion matrix is thus the raw multiclass confusion matrix where there are multiple classes in both known  unknown sets When you focus on only binary labelings as done in the Novelty Detection Confusion Matrix you lose the information about confusion of the machine vs the human within those binary labels Given your example has blanks for the machine while labels are present for the human you will have to decide how those missing values are handled I recommend a missing label emptyset instead of unknown as used above as this unknown refers to an other class mutually exclusive to known classes rather than a missing or unavailable prediction Further Reading  Covers confusion matrices and derived measures well References Arxiv preprint of my paper Figure 4  under CCBY 40', 'Confusion matrix', 'To make sure everything is clear let me quickly summarize what we are talking about precision and recall are evaluation measures for binary classification in which every instance has a ground truth class also called gold standard class Ill call it gold and a predicted class both being either positive or negative note that its important to clearly define which one is the positive one Therefore there are four possibilities for every instance gold positive and predicted positive  TP gold positive and predicted negative  FN also called type II errors gold negative and predicted positive  FP also called type I errors gold negative and predicted negative  TN PrecisionfracTPTPFP   RecallfracTPTPFN In case it helps I think a figure such as the one on the Wikipedia Precision and Recall page summarizes these concepts quite well About your questions if avoiding falsepositives matter the most to me i should be measuring precision And if avoiding falsenegatives matters the most to me i should be measuring recall Is my understanding correct Correct Suppose I am predicting if a patient should be given a vaccine that when given to healthy person is catastrophic and hence should only be given to an affected person and I cant afford giving vaccine to healthy people assuming positive stands for shouldgivevaccine and negative is shouldnotgivevaccine should I be measuring Precision or Recall of my classifier Here one wants to avoid giving the vaccine to somebody who doesnt need it ie we need to avoid predicting a positive for a gold negative instance Since we want to avoid FP errors at all cost we must have a very high precision  precision should be used Suppose I am predicting if an email is spamve or nonspamve and I cant afford a spam email being classified as nonspam meaning cant afford falsenegatives should I be measuring Precision or Recall of my classifier We want to avoid false negative  recall should be used Note the choice of the positive class is important here spam  positive This is the standard way but sometimes people confuse positive with a positive outcome ie mentally associate positive with nonspam What does it mean to have high precision 095 and low recall 005 And what does it mean to have low precision 095 and high recall 005 Lets say youre a classifier in charge of labeling a set of pictures based on whether they contain a dog positive or not negative You see that some pictures clearly contain a dog so you label them as positive and some clearly dont so you label them as negative Now lets assume that for a large majority of pictures you are not sure maybe the picture is too dark blurry theres an animal but it is masked by another object etc For these uncertain cases you have two possible strategies Label them as negative in other words favor precision Best case scenario most of them turn out to be negative so you will get both high precision and high recall But if most of these uncertain cases turn out to be actually positive then you have a lot of FN errors your recall will be very low but your precision will still be very high since you are sure that allmost of the ones you labeled as positive are actually positive Label them as positive in other words favor recall Now in the best case scenario most of them turn out to be positive so high precision and high recall But if most of the uncertain cases turn out to be actually negative then you have a lot of FP errors your precision will be very low but your recall will still be very high since youre sure that allmost the true positive are labeled as positive Side note its not really relevant to your question but the example of spam is not very realistic for a case where high recall is important Typically high recall is important in tasks where the goal is to find all the potential positive cases for instance a police investigation to find everybody susceptible of being at a certain place at a certain time Here FP errors dont matter since detectives are going to check afterwards but FN errors could cause missing a potential suspect']"
27,415,27_overfitting_training_validation_model,"['overfitting', 'training', 'validation', 'model', 'test', 'loss', 'set', 'overfit', 'validation loss', 'data']","['Theres probably a bit of interpretation involved in the question here is my take on it For the sake of clarity let me start with my definition of the concept overfitting is when a model takes into account patterns which are present in the training data by chance ie the model assumes that these patterns are characteristic of the distribution even though theyre not Is it true to argue that no effective learning has taken place here No it would be wrong to say that the fact that a model overfits does not mean that no effective learning happened at all In fact its often the case that a model successfully acquires the patterns that its supposed to capture lets call this effective learning but also acquires patterns that it shouldnt overfitting With any complex data it would even be very rare that no overfitting happens at all and in fact very often its hard to say exactly where is the line between effective learning and overfitting However people usually talk about overfitting when its actually in excess that is when the model generalizes too much on the chance patterns and not enough on the patterns which actually characterize the distribution A performance which is significantly lower on the test set than the training set is a typical sign of such excess overfit So in this sense excessive overfitting is when the chance patterns cause the model to be suboptimal But even a suboptimal model may have learned some relevant patterns If so can one conclude from this that a better model with better accuracy in test exists that does not overfit Not really as said above overfitting can make the model perform poorly so naturally its usually the case that a nonoverfit model performs better than an overfit one However theres no guarantee that a better performance can be reached just by getting rid of the overfitting as an extreme example if the features are mostly random andor not correlated with the response variables then its very likely that model will overfit but the performance would be terrible without overfitting anyway In the case described by OP I would say that its always worth trying to avoid excess overfitting first of course because it can only improve performance but also because at a more general level it means that the model is not very reliable If later the model is applied in production to a large set of instances which happen not to have this particular chance pattern which was in the training data the model is going to go very wrong and it will be too late to detect it', 'A significantly higher accuracy on the training set than the test set is generally an indication of overfitting In your case the difference in accuracy between the train and test sets is relatively small 3 which may suggest that your model is not severely overfitting However its still important to investigate whether overfitting is a problem One way to investigate overfitting is to check the models performance on a validation set if you have one or a separate holdout set If the performance of the model on the validation or holdout set is significantly worse than on the training set then this would suggest that the model is overfitting In this case you may need to consider using techniques to reduce overfitting such as regularisation early stopping or reducing the complexity of the model Another approach to investigate overfitting is to look at the learning curve of the model which shows how the models performance changes as the size of the training set increases If the learning curve shows that the performance on the training set is significantly better than the performance on the validation set as the size of the training set increases then this would suggest that the model is overfitting', 'Is my model overfitting or not']"
28,402,28_approach_thanks_implementation_yes,"['approach', 'thanks', 'implementation', 'yes', 'method', 'thank', 'answer', 'try', 'much', 'link']","['SergeySkripko Hi Sergey the tools mentioned here are essentially large boxes Think of it as a machine which makes a product This is then moved from the machine into this box using various instruments It is like going into a grocery store finding something you like on a shelf picking it up with your hand and then putting it in your shopping trolley Where the shelf with that item is the machine and the shopping trolley is your Tool', 'Thanks I was originally planning of using this approach as well but part of the reason I didnt do it were limitations of the vector DB we use  Weaviate Its great to hear this a valid approach I couldnt think of a reason this shouldnt work but wasnt sure I wasnt missing something', 'Yup However note that there are pros and cons to both ways the approach I suggested is pretty universally applicable which makes it much easier if you ever wanted to change your GA in some way like if your problem changes again However it also might make it less efficient than if you could cleverly enforce crossovermutation etc to not violate your rules Assuming that the extra steps to enforce the rules dont yield a net loss in efficiency Im not sure how youd accomplish the latter but itd also make it much more painful to adapt ifwhen you change the GA']"
29,400,29_roc_auc_curve_roc curve,"['roc', 'auc', 'curve', 'roc curve', 'threshold', 'positive', 'class', 'score', 'precision', 'fpr']","['ROC AUC and PR curve AUC', 'I am trying to get a clear understanding on various classification metrics including knowing when to choose ROCAUC as opposed to opting for the PrecisionRecall curve I am reading Aurlien Grons HandsOn Machine Learning with ScikitLearn and TensorFlow book page 92 where the following is stated Since the ROC curve is so similar to the precisionrecall or PR curve you may wonder how to decide which one to use As a rule of thumb you should prefer the PR curve whenever the positive class is rare or when you care more about the false positives than the false negatives The book demonstrates the ROC and PR curve for an imbalanced binary classification problem where target class is roughly 90 zero and 10 one It shows the PR curve and the ROC curve where the above referenced ROC bias against imbalanced datasets is clearly reflected ROC has an overly optimistic view of model performance Yet I dont understand it thoroughly why exactly is ROC overly optimistic for imbalanced binary classification problems and PR curve favoring false positives over false negatives Generally speaking I understand why precision and recall are useful for classification problems with an imbalance For such problems accuracy is highly biased From precision we can infer the presence of false positives the more FPs there are the lower the precision and similarly from recall we can infer the presence of false negatives the more FNs there are the lower the recall However when looking at the axes of the ROC curve there true positive rate TPR recall is plotted against false positive rate The higher the xaxis FPR value the more FPs there are The lower the yaxis TPR value the more FNs there are This seems to be nearly analogous to the precisionrecall curve though where the lower the yaxis precision value the more FPs there are and the lower the yaxis recall value the more FNs there are In other words both ROC and PR curve seem to provide information on both FPs and FNs Choose ROCAUC vs precisionrecall curve', 'What is the AUC']"
30,383,30_pca_component_tsne_reduction,"['pca', 'component', 'tsne', 'reduction', 'principal', 'principal component', 'dimensionality', 'feature', 'matrix', 'pc']","['Principal Component Analysis PCA is a technique used for dimensionality reduction It transforms the original features into a new set of linear combinations called principal components These components are uncorrelated and ordered in a way that the first few capture most of the variation present in the original features When reducing from 10 dimensions to 3 using PCA the resulting 3 dimensions are not directly related to the original features Instead they are combinations of the original features To understand how the original features contribute to these principal components you can examine the attribute of the fitted PCA object in scikitlearn This attribute provides an array where each row represents a principal component and each column corresponds to the original features The values in this array represent the weights of the original features in the principal components Here is an example The output might look something like this In this example the first principal component is 05 times the first original feature minus 01 times the second original feature plus 02 times the third original feature and so on You can see which original features contribute most to each principal component by looking at the magnitude of these weights', 'Kernel PCA Kernel PCA is one of the variations of principal component analysis in which we use kernel methods to perform principal component analysis with nonlinearly separable datasets The Kernel approach of Principal Component Analysis is very similar to the standard one but with a different processing step Principal Component Analysis Principal Component Analysis is an unsupervised learning algorithm that is used for dimensionality reduction in machine learning It is a statistical process that converts the observations of correlated features into a set of linearly uncorrelated features with the help of orthogonal transformation Both tSNE and kernel PCA are popular dimensionality reduction methods that can be used to visualize highdimensional data in two or three dimensions However they have different strengths and weaknesses and are appropriate for different types of data and applications One key difference between tSNE and kernel PCA is how they measure the similarity between data points tSNE uses a nonparametric method based on the KullbackLeibler divergence to measure the similarity between highdimensional data points while kernel PCA uses a parametric approach based on the kernel trick to measure similarity in the transformed space This means that tSNE is more flexible and can adapt to the structure of the data but it can also be more computationally expensive and harder to optimize than kernel PCA Another important difference is the way they preserve structure in the data tSNE is designed to preserve the local structure of the data such as clusters and manifolds but it does not preserve global structure such as distances or densities In contrast kernel PCA is designed to preserve the global structure of the data such as distances between points but it may not preserve local structure as well as tSNE In general tSNE is a better choice for data that has complex nonlinear structure such as images or text while kernel PCA is a better choice for data that has simpler more linear structure such as gene expression data or financial time series However there is no onesizefitsall method and the best choice of dimensionality reduction method depends on the specific data and application There are many other factors that can influence the choice of dimensionality reduction method such as the size and complexity of the dataset the computational resources available and the specific goals of the analysis Ultimately the best method to use will depend on the characteristics of the data and the specific goals of the analysis It is often useful to try multiple methods and compare the results to see which one works best for a given dataset Are there cases where PCA is more suitable than tSNE Advantage  disadvantage of PCA vs kernel PCA PCA and kernel PCA explained', 'This answer emphasizes an intuitive understanding since the OP is a beginner 1 PCA can be used for Feature Selection in a special case when the features are already uncorrelated and the relevant features are embedded in a lowerdimensional subspace 2 PCA can be used for Feature Extraction when the features are correlated Based on variance of the data among the transformed features we may now choose to do Feature Selection from among the transformed features Figure 1 should elucidate these idea There are 5 original features in the data x1x5 First compute a covariance matrix Note that if the original features were completely uncorrelated then the covariance matrix would be a diagonal matrix where the values on the principal diagonal are equal to the variance in each dimension See Figure 2 The next step is Eigenvector analysis of the covariance matrix The Eigenvectors provide the transformed features These transformed features have lower correlation assume uncorrelated for simplicity than the original features We can now choose to do Feature Selection but picking the transformed features based on the variance The Eigenvalues provide this variance If the data happens to be embedded in a subspace which is the case in this hypothetical example we simply pick the EigenvectorsTransform Features with distinctly highest EigenvaluesVariances Figure 1 Figure 2 To round up your understanding of covariance correlation eigenvector analysis consider the follow hypothetical example of data with 3 original featurestraits A B and C The example is illustrated in Figure 3 In Figure 3 A  Covariance matrix for three traits A  B  and C  The diagonal elements are the variances and the offdiagonal elements are the covariances B  Correlation matrix for the same three traits Offdiagonal elements are the productmoment correlations among the traits C  Eigenvalues for the principal components eigenvectors of the covariance matrix diagonal elements Notice that the covariances among the three principal components are all zero offdiagonal elements and that the sum of the eigenvalues is equal to the sum of the variances in A D  Eigenvectors of the covariance matrix These numbers can be thought of as loadings of each trait on each principal component or as angle in radians that each principal component must be turned to be aligned with the original variable axes E  The percentage of the sum the original variances explained by each principal component F  The spatial relationships between data trait axes and principal components Traits A  B  and C are correlated so lie in a linear cloud in the 3D space formed by their trait axes The principal components are the major axes through those data lying at angles to the original trait axes described by the eigenvectors in D and having variances along each principal component axis described by the eigenvalues in C Figure 3 TLDR PCA is NOT feature selection However you can select transformed features that have been uncorrelated by PCA']"
31,381,31_python_r_package_notebook,"['python', 'r', 'package', 'notebook', 'file', 'colab', 'environment', 'anaconda', 'conda', 'install']","['On my Ubuntu 1804 I have Python 3 and R installed I am about to study some data science and just found  anaconda comes with Python and R and some packages Will installing anaconda conflict with my existing installation of Python 3 and R Shall I install anaconda or shall I install the packages manually and individually on demand How do people in data science install the tools Shall I install anaconda with Python3 and R already installed', 'If youre on an airgapped computer there are a few things to consider What version of Python are you using What Python packages do you have available to you What are your Python package versions For example has dependencies if you dont have any of those dependencies youll have to repeat the process I detail below for all those packages too If you follow the process below and youre missing a package the pip installer will let you know As far as Im aware the only packages relies on are Assuming you have all dependencies Assuming youre airgapped computer has all of s dependencies this is what you need to do Figure out which of s dependencies is the most out of date To do this you can check the packages version using the on the command line This will give you output that looks like the following Go onto PyPi and search the packages name On the packages page look for its release history in the lefthand side bar and see what date your version was published Eg for I can see the most recent release was published on 26122022 Once you know which of your packages is the oldest go to the PyPi page for  look at its release history and click on the release that falls closest to your oldest package Say your oldest package is a version released around January 2022 in the picture below youd click on  You do this in case later versions of rely on improvements to its dependent packages that dont exist in your current versions Once youve selected the right release you can go to its download section Youre presented with the option to download from source or download a built distribution The built distributions are wheel files which are Pythons way of simplifying package distribution If you want to know more about wheels Real Python have a great overview You dont need to understand the naming scheme but it does help you select the right distribution However if you dont want to go too deep into wheels download the distribution if your airgapped PC is a windows PC if you have an airgapped Linux PC find out your computers architecture  vs  and download the corresponding distribution and if you have an airgapped MAC download the distribution newer versions have two options one for MACs chipset and another for its chipset Finally put your file onto a memory stick and transfer it to your airgapped computer Load up a terminal locate your file and type out the following command This should install the package and youre ready to use  Troubleshooting If the last part of the process fails try asking questions on Stack Overflow If you still run into issues you might have to install from its source distribution This process is exactly the same transfer the source file to the airgapped machine and use the  This will take longer as pip has to build the wheel file itself but should still work If even that fails then youre left with building from source yourself which is discussed in the documentation good luck', 'Python is more general purpose while R has a clearer focus on statistics However most if not all things you can do in R can be done in Python as well The difference is that you need to use additional packages in Python for some things you can do in base R Some examples Data frames are base R while you need to use Pandas in Python Linear models  are base R while you need to use statsmodels or scikit in Python There are important conceptional differences to be considered For some rather basic mathematical operations you would need to use numpy Overall this leads to some additional effort and knowledge needed to work fluently in Python I personally often feel more comfortable working with base R since I feel like being closer to the data in base R However in other cases eg when I use boosting or neural nets Python seems to have an advantage over R Many algorithms are developed in eg Keras LightGBM and adapted to Python and often later to R At least when you work with Windows this often works better with Python You can use things like TensorflowKeras LightGBM Catboost in R but it sometimes can be daunting to get the additional package running in R especially with GPU support Many packagesmethods are available for R and Python such as GLMnet for R  for Python You can also see based on the Labs of Introduction to Statistical Learning  which are available for R and for Python as well  that there is not so much of a difference between the two languages in terms of what you can do The difference is more like how things are done Finally since Python is more general purpose than R at least in my view there are interesting and funny things you can do with Python beyond statistics which you cannot do with R at least it is harder']"
32,377,32_gpu_cpu_cuda_gpus,"['gpu', 'cpu', 'cuda', 'gpus', 'core', 'memory', 'gb', 'tensorflow', 'nvidia', 'run']","['TLDR While training a small CNN on a Tesla T4 the GPU does not run any faster than about 13  23 of its base clock speed The training time takes forever and there is lots of weirdness with memory usage Figure attached below I was encountering some pretty strange runtime issues when training a CNN For reference I am training it on a T4 in a Google Cloud Platform VM My original architecture was I used a ResNet style architecture with these layers I had been trainingtesting this with different hyperparameters and whatnot since it only took about 30 minutes to an hour to train All of a sudden it began taking extremely long so I reduced the architecture to this I decided to run a profiler on the training loop with only 16 images and these are the results Since and are only called to gather training and validation statistics I tried profiling the code without these functions and this happened Overall the training loop took the same time to run This was pretty strange to my boss and me so thought about it a bit more and came to the conclusion that this might be happening because until is called there are no functions executed in the graph that PyTorch creates Next I decided to look at the CPU GPU and GPU memory usage using nvtop to see what was going on during this very long function call I did this by incrementing by 1 from 1 to 16 at 17 I got a memory error CPU and GPU usage remained fairly similar throughout each of the runs but memory usage had some very strange behavior As I increased batch size memory usage increased normally then drops off around  7 then increases normally again until we reach a memory error Lastly there is also some weirdness with the GPU itself The GPU does not run any faster than about 13  23 of its base clock speed while training This is probably whats causing the bad performance but the cause of the slow clock speeds is still unknown I know it is not the hardware itself because my coworkers who have their own Condapip environments use the GPU to train models and have no issues with performance I changed the CPU on the VM to a newer one with more cores and better single core performance but I am still experiencing this bad performance As of now I am kind of stumped and dont know what the underlying cause of my slow training and strange memory and GPU usage patterns could be Any help would be greatly appreciated Thanks This is the training loop Slow GPU While Training CNN', 'Intro Recently I was able to get my GPU Intel Iris Plus Graphics to work with accelerating Tensorflow It took many hours of research and following tutorials most of which didnt help But now that I finally got it working its training my models much slower than normal on my CPU the GPU estimated time was saying 12 hours per epoch my model is big when running this in Google Colab with GPU it is about 6 minutes per epoch while the estimated time on CPU is around 40 minutes per epoch I really only have two main questions Why Is there anything I can do about it Why Please note you might need more info about how I got this running I didnt want to include it in here to start with because I dont know you will need that info and it will take a while for me to compile it together and type it up here in a way that will make sense If you do need that information let me know and I will add that to my question What might be causing my GPU to train my models slower than my CPU Does Tensorflow use both CPU and GPU If so is there something I need to do to tell it to use both Or is my GPU just not very good If not is there a way to tell it to Or is there some sort of other configuration I need to do to get my GPU running in a way that will be optimized for Tensorflow model training Is there anything I can do about it I kind of asked questions related to this in the Why section but I just wanted to specifically ask about this Is there anything I can do to make it train faster Or is it just that my GPU is not as good as I want it to be I know one thing I could do is buy a better computer Ive been wanting a desktop computer with better hardware than my laptop but dont currently have the money Intel Core i7 CPU 10th gen trains Tensorflow models faster than Intel Iris Plus Graphics GPU', 'What is the speed of running tensorflow 230 with GPU relative to tensorflow 2180 with only CPU Hardware Laptop MacBook Pro 15inch 2012 64bit OS Windows 10 Pro 22H2 Processor IntelR CoreTM i74850HQ CPU  230GHz GPU GeForce GT 750M compute capacity 30 GeForce Game Ready Driver 42531 WHQL Purpose Learning keras in R Why tensorflow 230 Because my laptops internal GPU has a compute capacity 30 whereas most current tensorflow applications require a compute capacity 35 I had to compile my own tensorflow installer wheel file tensorflow230cp37cp37mwinamd64whl and use compatible CUDA 101 and cuDNN 76 to take advantage of the existing GPU Accordingly I need to run python version 3711 default Jul 27 2021 094229 MSC v1916 64 bit AMD64 numpy 1185 keras 2110 reported by  but reports 240 TensorFlow v230 but not later versions The tensorflow session detects 1 CPU and 1 GPU as listed in the hardware What about tensorflow 2180 I can update to python 3127 keras 360 and tensorflow 2180 as of 11152024 But I will lose access to GPU because latest versions of software are not compatible with older GPUs I wonder whether I should choose tensorflow 230 with GPU or tensorflow 2180 with only CPU given my limitations of hardware capacity and software versions I understand that some keras functions eg for image rotation and data enhancement requires Tensorflow version 26 are only available in later tensorflow versions but I have not started computer vision applications or huge data sizes in multiple GB yet Does the GPU access provide enough benefits to justify skipping latest software versions and retaining the earlier versions Which is better tensorflow 230 with GPU or tensorflow 2180 with only CPU']"
33,364,33_formula_value_equation_digit,"['formula', 'value', 'equation', 'digit', 'answer', 'number', 'n', 'thanks', 'choose', 'term']","['I am trying to implement this formula in Python  frac extmaxcKNwiin1  d 0cKNwi1in1  lambdacKNwi1in1mathbbPcKNwiwi1in2 where  mathrmcKNcdot  begincases extcountcdot  extfor the highest order     is your  ablike command its a tab alignment character extcontinuationcountcdot  extotherwise endcases  Following this link here I was able to understand how to implement the first half of the equation namely frac extmaxcKNwiin1  d 0cKNwi1in1  but the second half specifically at the moment the lambdacKNwi1in1 term is confusing me The author in the link states that lambdawi1  fracdcwi1leftwcwi1w0 ight but when we are in the highest order the discounting factor d is zero The author goes on to say the denominator in the fraction is the frequency of the semifinal word in the special case of a 2gram but in the recursion scheme we are developing we should consider the whole string preceding the final word well for the 2gram case the semifinal word is the whole string The term to the right of the fraction means the number not the frequency of different final word types succeeding the string He proceeds on with the example but it makes no sense to me I cannot really find any good material to explain how to calculate this lambdacKNwi1in1 term Any suggestions or material related to this would be helpful Recall I am doing this numerically so I need help decomposing this equation so I can code it and thus I need to understand what each term is Following the link above this is a preliminary implementation I came up with I was able to match his corpus and numerical examples so should be on the right track I am just not sure about the recursion part Understanding KneserNey Formula for implementation', 'In this video from EDX the instructor explains the binomial theorem as Binomial Theorem When you calculate a  bn  an  C1an1b  C2an2b2    Cn1abn1  bn The coefficients  C1 C2  Cn1 Coefficient of a  b4  1 4 6 4 1 From the formula above you get after some manipulation a  bn  an  n choose 1 an1 b1  n choose 2 an2 b2    n choose n2 a2 bn2  n choose n1 a1 nn1  bn The coefficients will be the same as pascals triangle Is it necessary to know this I still do not understand how he went from a  bn formula to plugging in n choose 1 n choose 2 Additionally for the recursion theory Recursion Rule If we have 52 cards and we select 5 cards we have a collection of 5 cards taken from 52 cards The order the cards are dealt does not matter To get the recursion we will split the hands into hands that contain the ace of spaces with hands that do not contain the ace of spades For the hand that does not contain the ace of spades there are 51 cards to choose from So it is 51 choose 5 For the hand that does contain the ace of spades then that hand is made from 4 cards in the remaining 51 cards in the deck So it is 51 choose 4 So since every hand either has ace of spades or does not We get our recursion 52 choose 5 is  51 choose 5  51 choose 4 But if you actually calculate 52 choose 5 you get 311875200 And if you calculate 51 choose 5  51 choose 4 you get 287884800 To me it seems mathematically inaccurate How to understand Bionomial Theroem and the Recursion Rule', 'Firstly this is probably best to ask on the math stackexchange but Ill have a crack at it anyway Lets start by establishing something you already know abn will expands to a sequence of terms with general form ciaxby such that nxy We also know that the expansion process hits every positive integer combination of x and y that sum to n of course assuming n is a positive integer Id also like to mention that you can notate the expansion entirely with choose coefficients the first and last terms have coefficients given by nchoose0 and nchoosen Below well see why this is important Lets do an example where n4 Lets start by solving for the first term where xn and y0 We can ask ourselves Given the first ab term how many paths can we take by multiplying out the rest of the terms abababab to reach a term with xn and y0 For the first term it is of course one path you need to multiply the first a with the second and third and fourth aaaa Given only one path the first coefficient is c11 Now lets solve for the second term where xn1 and y1 We can ask ourselves the previous question with the modified values of x and y We find stepping from one ab to the next that starting with a there are three ways to get to a3b and starting with b there is only one way to get to a3b Namely starting with a we could take the following paths abaaaaba or aaab And starting with b we can only take one path baaa So c24 Solving for the third term where xn2 and y2 we can find three paths starting from a and three paths from b Namely aabbabab and abba for starting with a and bbaababa and baab for starting with b So in total c36 We can see a pattern of solving for ci whereby we ask ourselves How many ways can we construct a sequence of as and bs such that the number of as is x and the number of bs is y This question is precisely solve via the choose operator The first coefficient c1 can be solved by asking How many ways can we construct 4 elements consisting of as and bs such that the number of as is 4 This pretty much analogous to the choose operators definition 4choose41 Similarly c2 asks how many ways we can construct the sequence such that there are 3 as and 1 b which is by definition 4choose34 I hope this answers your question about the binomial expansion theorem Unfortunately I do not understand what you are trying to ask in your second question but again it probably should be asked on the math stack exchange instead Good luck']"
34,322,34_gridsearchcv_grid_grid search_search,"['gridsearchcv', 'grid', 'grid search', 'search', 'parameter', 'gridsearch', 'best', 'cv', 'hyperparameters', 'set']","['Gridsearch crossvalidation can be used to learn the hyperparameters of a prediction function Consider that learning and testing of the model on the same data is a big mistake The chance of having a perfect score but failing to predict anything useful on yetunseen data ie overfitting is very high when using the same data for learning and testing It is common practice when training a model to hold out a part of the data as a test set to prevent overfitting and measure the performance of the model Also note that the best hyperparameters can be determined by grid search techniques and the score resulted from grid search should not be used as a criterion to measure the performance of the model Please refer to this page for more information That being said bestscore from GridSearchCV is the mean crossvalidated score of the bestestimator For example in the case of using 5fold crossvalidation GridSearchCV divides the data into 5 folds and trains the model 5 times Each time it puts one fold aside and trains the model based on the remaining 4 folds Then it measures the performance of the model based on the leftout fold Finally it returns back the mean of the performance of 5 models as the final score Now lets answer this question what does the best estimator mean it is the estimator that was chosen by the search or the estimator which gave the highest score or smallest loss if specified on the leftout data GridSearchCVs goal is to find the optimal hyperparameters It receives a range of parameters as input and it finds the best ones based on the mean score explained above Grid search trains different models based on different combinations of the input parameters and finally returns the best model or the best estimator Hence bestscore is the mean score of the best estimator It is notable that tuning hyperparameters with crossValidation in the above context is one of the methods that helps you to prevent overfitting In your case 08923046854943018 is the mean score of the best estimator Lets call this score crossvalidation score For your case I would go with the second case because in that case there is no overfitting and the crossvalidation and test scores are almost the same In the first case the crossvalidation is significantly higher than the unseen test score and there is overfitting It means that the model works very well on the train data but not on the unseen data', 'Yes the GridSearchCVbestscore should not be used as a final measure of model performance The reason is that this score is optimistic it is the best score obtained on the validation set during the grid search but it does not guarantee that this is the best score the model can achieve on unseen data The grid search process involves tuning the hyperparameters of the model to find the best combination that gives the highest score on the validation set This means that the model is indirectly fit to the validation set because the hyperparameters are chosen based on their performance on this set Therefore the bestscore is likely to be an overestimate of the true performance of the model on unseen data To get a more reliable estimate of model performance it is recommended to hold out a separate test set that is not used during the grid search process After the grid search you can evaluate the model on this test set This gives you an estimate of how well the model is likely to perform on new unseen data Your approach of running a separate crossvalidation after the grid search is not incorrect but it may indeed give overestimated scores if some of the data in the CV validation sets was already seen by the Grid Search To avoid this you could split your data into three sets a training set for the grid search a validation set for the crossvalidation and a test set for the final performance evaluation', 'Scikitlearn page on Grid Search says Model selection by evaluating various parameter settings can be seen as a way to use the labeled data to train the parameters of the grid When evaluating the resulting model it is important to do it on heldout samples that were not seen during the grid search process it is recommended to split the data into a development set to be fed to the GridSearchCV instance and an evaluation set to compute performance metrics Does it mean that the GridSearchCVbestscore from the Grid Search object shouldnt be used for model performance evaluation Why is that the case Ive been using my GridSearchCV scores as my performance estimates because I wanted to get a reliable score over several runs and standard deviation and running a separate crossvalidation after Grid Search gives me overestimated scores because some of the data in the CV validation sets was already seen by the Grid Search Is this an incorrect approach Can I use GridSearchCVbestscore for evaluation of model performance']"
35,298,35_code_please_post_share code,"['code', 'please', 'post', 'share code', 'question', 'code please', 'post code', 'share', 'updated', 'thank']","['Can you post your code', 'Where is the code', 'That is the code']"
36,256,36_thank_thanks_help_thank much,"['thank', 'thanks', 'help', 'thank much', 'thanks lot', 'helpful', 'much', 'help thank', 'glad', 'lot']","['Thank you so much', 'Thank you so much', 'Thank you so much']"
37,247,37_solution_problem_answer_solved,"['solution', 'problem', 'answer', 'solved', 'issue', 'find solution', 'thanks', 'accept', 'solved problem', 'please']","['Hi SebastianTopalian Im glad it helped I have updated the answer to include your comment If this or any answer has solved your question please consider accepting it by clicking the checkmark This indicates to the wider community that youve found a solution There is no obligation to do this', 'Hi DebashisPaul if this or any answer has solved your question please consider accepting it by clicking the checkmark This indicates to the wider community that youve found a solution and gives some reputation to both the answerer and yourself There is no obligation to do this', 'Hi LucaMarinescu if this or any answer has solved your question please consider accepting it by clicking the checkmark This indicates to the wider community that youve found a solution and gives some reputation to both the answerer and yourself There is no obligation to do this']"
38,246,38_pipeline_transformer_transform_transformation,"['pipeline', 'transformer', 'transform', 'transformation', 'column', 'sklearn', 'columntransformer', 'step', 'fittransform', 'sklearn pipeline']","['As part of a data preprocessing step Im trying to create a master pipeline from two separate pipelines one for numerical features and one for datetime features The numerical pipeline removes outlier rows based on an IQR filter whereas the datetime pipeline doesnt remove any rows only feature engineers day of week The issue arrives when I try to combine these into a master pipeline that performs both of these steps Ive tried using both and  but both output the same error 7991 is the size of the output after removing numerical outliers 13400 is the size output size of the datetime pipeline These are my pipeline objects And these are my two pipelines Trying to combine them like this causes the mentioned error message What is the correct way to go about this Combining sklearn pipelines with different output shape', 'I have a question on using sklearn pipelines to predictclassify data I understand how to build a pipeline train it with training data test it with test data but after that is where I get lost How do I use the pipeline to predict values on newunseen data I built a pipeline which transforms categorical data with a and another that transforms numerical data by scaling the columns with a  I then used to combine the two pipelines and join a at the end to classify the data I fit the training data sucessfully with and thereafter predict with  This all works fine Next I want to use the pipeline to predict classification of newunseen data but when I call I get a  The error relates to one of the categorical features of the data which is the names of a cities The pipeline does not seem to transform the unseen data Reading through the documentation on pipelines and several examples I understand that when and is called the data is passed through the entire pipeline If my understanding is correct then the should pass the new data through the pipeline transforming it and then classifying it However this does not seem to be the case Can anyone tell me what Im missing or misunderstanding How do I use the pipeline I built to predict on new data How to use SKLEARN PIPELINE', 'Im facing an issue I dont know how to solve but as Im a beginner probably there is an easy solution I cant find Im playing with the titanic dataset and I want to work with pipelines In order to avoid data leakage using cross validation For that reason Im using two pipelines one for numerical one for categorical  FeatureUnion Whats the problem In the numerical pipeline I fill the NaN values of Age and then I create some buckets for that variable The result of this pipeline would be a dataframe containing all the numerical features  1 categorical variable For encoding categorical variables I use a pipeline for the categorical variables and then use FeatureUnion to join both datasets But the problem is that the new variable I create in the numerical pipeline doesnt go into the categorical pipeline resulting with a dataframe with one categorical variable that hasnt been encoded How can I solve this CODE Thank you for your time Best regards EDIT I was thinking about using ColumnTransformer as I think it suits better in my example as I have to apply different transformations for different columns but the problem is that when working with ColumnTransformer the output would be an array with no columns names which I think would be hard to deal if we want to use feature selection Thats why I chose Pipelines rather than ColumnTransformer Talking about the option of creating the bucket before going into the pipeline I cant because its created based on the variable Im dealing with missing values What would be the best option in this case Pipeline heterogeneous data']"
39,240,39_array_numpy_shape_numpy array,"['array', 'numpy', 'shape', 'numpy array', 'error', 'reshape', 'valueerror', 'code', 'array shape', 'reshape array']","['When concatenating arrays together you are effectively gluing them onto each other This only works if they have the same size along the axis they are concatenated For example if your first array is of size 2x5 your second array has to be of size 2x5 as well as all the following arrays You cannot concatenate a 2x4 array onto the stack of 2x5sizedarrays Your error means that you are concatenating arrays onto each other that are of different shapes In your specific case as per the error message the first array is your problem as its size is different from the others To solve this problem you have to ensure that your arrays along the concatenating axis are all the same shape or size I cannot tell you exactly how to do that because I dont know your data or which libraries you are using but you could do something like this to check the dimensions of the individual arrays', 'this similar to other questions where there is an error related to broadcasting a np array with a shape of 244 244 3 and a np array with a shape of 244 244 4 but in this case both arrays have the same shape 244 244 3 i am new if have done this incorrectly let me now thanks code is hear full error Py error could not broadcast input array from shape 2442443 into shape 2242243 arrays have the same shape 224 224 3', 'i tried reshape101 and reshape110 it always gives me  ValueError cannot reshape array of size 189 into shape 110 then i tried  reshape18910 still gives me  ValueError cannot reshape array of size 189 into shape 18910']"
40,239,40_split_traintest_test_traintest split,"['split', 'traintest', 'test', 'traintest split', 'data', 'set', 'train', 'train test', 'splitting', 'split data']","['nwaldo traintest split is a quite generic term that could mean a uniformly distributed sampling for traintest split or stratified sampling traintest split or time based traintest split etc Then random traintest split at least how I used it it implies uniformly distributed sampling for traintest split which is a quite dangerous approach specially for unbalanced datasets but since it is quite simple it is seen pretty often Good question though', 'Im working on a project that uses data from wearable tech for activity classification However Im having trouble deciding on how to do the traintest split Im currently doing the split based on athletes however not all athletes have done the same amount of activities we are currently looking at 7 different activities What I want to do is to split the data in such a way as to ensure that no athletes are in the traintest split and that the distribution of activities is similar in both the train and test sets Im using python and pandas umpy for managing the data  Is there a programmatic way to split the data the way I want If I can only choose one column to split the data which is the most important Ensure theres no athlete data leakage or to ensure the same distribution of activities between the traintest sets Traintest split of data stratified based on label but ensuring no athletes are In both traintest sets', 'How did you split traintest']"
41,235,41_llm_prompt_chatgpt_gpt,"['llm', 'prompt', 'chatgpt', 'gpt', 'openai', 'api', 'chatbot', 'answer', 'model', 'question']","['From the OpenAI website we know that ChatGPT is a finetuned version of GPT35  On the GPT35 presentation page they mention that the number of parameters is 175B in the footnote of the table there we can read that there may be slight differences with the actual model used in the API though which matches the size of GPT3 Therefore I understand that ChatGPT is the same size as GPT3 The details of the architecture of GPT3 have been made public in the paper Also in the paper they mention that All models use a context window of nctx  2048 tokens So Number of layers 96 Number of attention heads 96 Dimensions of its hidden layers 12288 Sequence length 2048 Number of parameters 175B Note that as ChatGPT comes from GPT3 and GPT3 is an evolution of GPT2 we also know from their papers that the architecture differs somewhat from a standard Transformer decoder See this answer for details on the specific architectural differences', 'There are many factors to take into account to answer that question For instance you may not have the engineering resources to set up a hosted opensource LLM In this case you would be forced to go with a thirdparty API and prompting If you dont have any constraints the answer can only be obtained by testing Opensource LLMs are inferior to ChatGPT GPT35 and GPT4 so they may or may not be enough for your task The art of designing a good prompt for an LLM is called prompt engineering It takes a lot of trial and error There are some useful tricks like adding Be concise if you want short answers You may even need to design more generic prompt templates to use in different cases by just setting some placeholders to specific values There are many reasons prompting is not practical Not faultproof Consumes tokens from the input hence increasing the API call price and reducing the amount of output tokens the LLM can generate There are also pros You do not need to retrain a model for it to perform some task Fine tuning is very very inconvenient not faultproof either not available for now for proprietary models GPT Claude needs a lot of resources needs more engineering abilities it may lead to catastrophic forgetting So to answer your question It depends', 'Does opting out of having my content used for improvement mean there are no other forms of data retention of my content by OpenAI Since March 1 by default OpenAI will not use data submitted by customers via our API to train or improve our models see longer quote below and data is deleted within 30 days if using of the OpenAI API No idea about  From  Starting on March 1 2023 we are making two changes to our data usage and retention policies OpenAI will not use data submitted by customers via our API to train or improve our models unless you explicitly decide to share your data with us for this purpose You can optin to share data Any data sent through the API will be retained for abuse and misuse monitoring purposes for a maximum of 30 days after which it will be deleted unless otherwise required by law More details The OpenAI API processes user prompts and completions as well as training data submitted to finetune models via the Files endpoint We refer to this data as API data By default OpenAI will not use data submitted by customers via our API to train OpenAI models or improve OpenAIs service offering Data submitted by the user for finetuning will only be used to finetune the customers model However OpenAI will allow users to optin to share their data to improve model performance Sharing your data will ensure that future iterations of the model improve for your use cases Data submitted to the API prior to March 1 2023 the effective date of this change may have been used for improvements if the customer had not previously opted out of sharing data OpenAI retains API data for 30 days for abuse and misuse monitoring purposes A limited number of authorized OpenAI employees as well as specialized thirdparty contractors that are subject to confidentiality and security obligations can access this data solely to investigate and verify suspected abuse Enterprise customers deploying use cases with low likelihood of misuse may request to not have API data stored at all including for safety monitoring and prevention OpenAI may still have content classifiers flag when data is suspected to contain platform abuse Data submitted by the user through the Files endpoint for instance to finetune a model is retained until the user deletes the file Note that this data policy does not apply to OpenAIs NonAPI consumer services like ChatGPT or DALLE Labs You can learn more about these policies in our data usage for consumer services FAQ No idea before 20230301 OpenAI never replied to my email']"
42,225,42_hypothesis_distribution_null hypothesis_null,"['hypothesis', 'distribution', 'null hypothesis', 'null', 'pvalue', 'test', 'ttest', 'sample', 'mean', 'pvalues']","['I am surprised that both answers this and this contain errors concerning the interpretation and meaning of pvalues in a frequentist hypothesis testing framework Firstly pvalues are conditional probabilities Thus any interpretation lacking a condition is inherently flawed Here are common mistakes taken directly from Haller  Krauss 2002 The improbability of observed results being due to error The probability that an observed difference is real If the probability is low the null hypothesis is improbable The statistical confidence  with odds of 95 out of 100 that the observed difference will hold up in investigations The degree to which experimental results are taken seriously The danger of accepting a statistical result as real when it is actually due only to error The degree of faith that can be placed in the reality of the finding The investigator can have 95 percent confidence that the sample mean actually differs from the population mean Although these mistakes are understandable they reflect questions that frequentist methods dont directly answer such as What is the probability that the null hypothesis is true  What is the probability that the result is The pvalue proves that  The frequentist framework does not confirm any of these statements As already mentioned pvalues are conditional probabilities So any statement definition  interpretation that does not contain wording such as given that  or provided that or assuming that and things like that are wrong Even if someone does have the correct understanding it is very easy to get tripped up by the wording For that reason I think it is far better to work with some simple algebra instead So lets do a little bit of maths The general setup is that we have some observed data lets call it mathcalD In reality it is the test statistic which is computed from the data rather than the data themselves Then we need a null hypothesis lets call that mathcalH0 which could be something like the difference between the means of two populations is zero Then the pvalue is mathcalPmathcalD mid mathcalH0 which represents the probability of obtaining data at least as extreme as what we observed assuming the null hypothesis mathcalH0 is true Lets just dwell on that for a few moments This means that we assume that the null hypothesis is true and under that condition the pvalue is the probability of observing data at least as extreme as that which we did observe And that is pretty much it We can of course come up with wording that might be useful for a nontechnical audience something along the lines of the comment on the OP by Dave The pvalue loosely speaking is the probability of getting the observations you got if the null hypothesis is true Thus the low pvalue is evidence against the null hypothesis However I would advise caution because it is very easy to get tripped up by the wording which can be misleading For further reason I highly recommend several threads over at CrossValidated ASA discusses limitations of pvalues  what are the alternatives Interpretation of pvalue in hypothesis testing Understand a statement about P value How much do we know about phacking in the wild Is it wrong to refer to results as being highly significant When to use Fisher versus NeymanPearson framework Are smaller pvalues more convincing Frequentist properties of pvalues in relation to type I error Is the exact value of a pvalue meaningless Who first usedinvented pvalues What about the pvalue of the nonnull hypothesis Is pvalue essentially useless and dangerous to use References Haller H  Krauss S 2002 Misinterpretations of significance A problem students share with their teachers Methods of psychological research 71 120', 'TLDR Confidencefiducial intervals and pvalues are not a measure of evidence in the way that a Bayesian posterior is However they are used as such in the sense that they aid in decision rules about deciding whether a certain observation is sufficient support for a particular hypothesis or not They do provide a method to create a criterium for hypothesis testing and interval estimates Passing the criterium can be seen as proof Not by the pvalue by itself but by the paradigm where a certain pvaluesignificance is chosen as a sufficient criterium Not the pvalue but the observation of t27 is proof that the null hypothesis is false The pvalue is like metadata that describes our decision about the t27 being proof or not You have disproved the null hypothesis that is there is no difference between the population means That first statement is arguably correct It is a bit semantical however Is a significant result disproving the null hypothesis or is it demonstrating that the null hypothesis is false A lot of people accept the use of disproof For example RA Fisher in his The Design of Experiments section 8 The Null Hypothesis In relation to any experiment we may speak of this hypothesis as the null hypothesis and it should be noted that the null hypothesis is never proved or established but is possibly disproved in the course of experimentation emphasis mine The bigger debatemisinterpretation is about the difference proving versus disproving or acceptingrejecting as in the 3rd statement Why do statisticians say a nonsignificant result means you cant reject the null as opposed to accepting the null hypothesis Why do we need alternative hypothesis Is it possible to accept the alternative hypothesis Why cant we accept the null hypothesis but we can accept the alternative hypothesis Obie20 makes a good point in the comments by giving an example of a flimsy experiment Suppose I roll a 20sided die that I purchased at a game store set my null hypothesis to be that the die is fair such that p20  120 and my alternative hypothesis to be that the die is weighted such that I am at least a little bit more likely to roll a 20 I set my significance level at 005 roll the die and get a 20 p  005 under the null hypothesis With the single die roll it will probably not change much in the believesprobability about the null hypothesis being true or not It is true that the pvalue is not the same as the probability of the null hypothesis being true the 2nd statement in the questionnaire Instead it depends on the context what this exact probability is For example the previous believes about the hypothesis the probability of obtaining a certain pvalue given different hypotheses Considering all that and the differences in different powered tests a low pvalue does mean less plausibility that the null is true Asking about the statement you have disproved the null some information about the required significance level is left out but typically a p001 result is considered as an acceptable level for disproving a null hypothesis And in a way people also use low pvalues as as proof in favour of the alternative hypothesis A newsarticle headline like scientists find new proof for  is only wrong when you scrutinize it based on an exact technical interpretation So you can also argue that 3 is correct You have proved your experimental hypothesis that there is a difference between the population means Interpreting 1 and 3 depends on the context that is being filled in by the person that makes the questionnaire They do not imagine the dice roll example and consider instead their own practices It isnt 100 certain that the experimental hypothesis is correct and you can not proof something with absolute certainty But in many experimental settings experimenters use a significance level as a criterium for considering proof of an effect The proof might not be water tight but it can be an acceptable proof In time these criteria levels can change and different fields use different criteria eg Origin of 5sigma threshold for accepting evidence in particle physics So if you ask practicing psychologists and statistics instructors such questions then it is not weird to get some of those people to consider passing a certain significance level as proof of an alternative or disprove of the null', 'TLDR Use Bayesian methods when we wish to obtain results that allow us to directly estimate the probability of hypotheses given the data or most of the other wishful thinking that abounds on the topic Understanding PValues and Addressing Misconceptions Definition of a PValue The pvalue is defined as  mathcalPmathcalT geq t mid mathcalH0  where mathcalT is the test statistic a random variable which follows a known probability distribution under the null hypothesis mathcalH0 For an independent means ttest mathcalT follows a tdistribution under mathcalH0 t is the observed value of the test statistic calculated from the sample data mathcalH0 is the null hypothesis In the specific scenario described in the question the research question does not specify a directional hypothesis eg whether performance increases or decreases due to treatment Therefore a twosided test is conducted This means the pvalue considers both tails of the distribution and represents the probability of observing a test statistic at least as extreme as the observed value  t  in either direction under mathcalH0 If the research question had specified a directional hypothesis eg whether treatment improves performance a onesided test could have been conducted However for the given study design the twosided test is appropriate Addressing the Questionnaire Statements False A pvalue cannot prove or disprove mathcalH0 It quantifies the evidence against mathcalH0 but is inherently probabilistic For example consider flipping a fair coin Even if you observe an extreme outcome such as ten heads in a row this result does not disprove the fairness of the coin It only suggests the outcome is unlikely under mathcalH0 Similarly a low pvalue suggests that the observed data is unlikely under mathcalH0 but it does not provide certainty False The pvalue reflects mathcalPmathcalT geq t mid mathcalH0 not mathcalPmathcalH0 mid mathcalD the probability of the null hypothesis being true given the data For example consider testing for a rare disease where the null hypothesis mathcalH0 is no disease Even if the test has a low falsepositive rate eg 1 the diseases rarity eg 1 in a billion people makes it much more likely that a positive test result is a false positive rather than a true positive This highlights that the pvalue does not directly measure the probability of mathcalH0 False A pvalue does not prove the alternative hypothesis mathcalH1 If you cannot disprove mathcalH0 see 1 you cannot prove mathcalH1 Logically proving mathcalH1 would imply disproving mathcalH0 which the pvalue does not achieve The two hypotheses are complementary in classical hypothesis testing but neither is proved or disproved definitively False Frequentist methods cannot calculate mathcalPmathcalH1 mid mathcalD without incorporating priors Using the rare disease example from 2 knowing the falsepositive rate does not tell you how likely it is that someone who tests positive actually has the disease This probability depends on the diseases prevalence in the population For instance if the disease is prevalent in 100 of the population the probability of the experimental hypothesis mathcalH1 being true is 100 If it is present in 0 the probability is 0 Priors matter False The pvalue does not directly measure the Type I error rate alpha or the probability of making a wrong decision in rejecting mathcalH0 The pvalue is a conditional probability the probability of observing data as extreme or more extreme than what was observed assuming mathcalH0 is true It does not reflect the error rate across multiple tests or decisions False A pvalue of 001 does not imply that 99 of replications would yield a significant result Replicability depends on several factors including effect size sample size and variability For example consider an experiment where participants are given tools eg formulas as part of the treatment to solve very easy problems In this setup every replication might yield a significant result simply because the task structure guarantees success not because of the pvalue This shows that the pvalue alone does not determine replicability Results from Haller and Krauss 2002 As already mentioned Haller and Krauss 2002 surveyed psychology students practising psychologists and statistics instructors using these six statements The results revealed pervasive misconceptions across all groups as shown by the percentage of participants who endorsed at least one false statement Psychology students 1st year 100 Practising psychologists 98 Statistics instructors 80 A detailed breakdown of the specific misconceptions revealed You have disproved the null hypothesis Endorsed by 62 of students 47 of psychologists and 42 of instructors You have found the probability of the null hypothesis being true Endorsed by 62 of students 53 of psychologists and 47 of instructors You have proved your experimental hypothesis Endorsed by 84 of students 77 of psychologists and 67 of instructors You can deduce the probability of the experimental hypothesis being true Endorsed by 68 of students 53 of psychologists and 50 of instructors You know the probability of making a wrong decision in rejecting the null hypothesis Endorsed by 53 of students 47 of psychologists and 42 of instructors You have a reliable experimental finding in the sense that 99 of replications would yield significant results Endorsed by 74 of students 65 of psychologists and 58 of instructors These findings demonstrate that even experienced professionals including those who teach statistics frequently misinterpret pvalues and NHST The results underline the need for targeted educational interventions to correct persistent myths and clarify the proper interpretation of pvalues Roots of Misconceptions Textbook Errors Many textbooks propagate incorrect interpretations of pvalues eg equating them with mathcalPmathcalH0 mid mathcalD For example the book Introduction to Statistics for Psychology and Education by Nunally 1975 amazingly contains all of these mistakes The improbability of observed results being due to error The probability that an observed difference is real If the probability is low the null hypothesis is improbable The statistical confidence with odds of 95 out of 100 that the observed difference will hold up in investigations The degree to which experimental results are taken seriously The danger of accepting a statistical result as real when it is actually due only to error The degree of faith that can be placed in the reality of the finding The investigator can have 95 confidence that the sample mean actually differs from the population mean Simplistic Teaching Overemphasising calculations leads to poor conceptual understanding Language Ambiguity Phrases like reject mathcalH0 may imply certainty where none exists Hybridisation of Paradigms Combining Fishers and NeymanPearson frameworks creates confusion Gigerenzer 1993 Expanding the Bayesian Perspective Using Bayes theorem the posterior probability of mathcalH0 is  mathcalPmathcalH0 mid mathcalD  fracmathcalPmathcalD mid mathcalH0 mathcalPmathcalH0mathcalPmathcalD  where mathcalPmathcalH0 is the prior probability of mathcalH0 mathcalPmathcalD mid mathcalH0 is the likelihood of the data under mathcalH0 mathcalPmathcalD is the marginal probability of the data Frequentist pvalues do not incorporate priors or marginal probabilities which makes mathcalPmathcalH0 mid mathcalD inaccessible without Bayesian tools NonTechnical Explanation Explaining to a nontechnical audience what a pvalue is can be quite challenging I have had some success with the following The pvalue is a measure of how surprising your data would be if the null hypothesis H0 were true and can be thought of as the probability of obtaining the data that you got or data more extreme if H0 is true Thus the low pvalue is evidence against the null hypothesis References Haller H  Krauss S 2002 Misinterpretations of significance A problem students share with their teachers Methods of Psychological Research 71 120 PDF Gigerenzer G 1993 The Superego the Ego and the Id in Statistical Reasoning Handbook for Data Analysis in the Behavioral Sciences Hillsdale NJ Erlbaum Wasserstein R L  Lazar N A 2016 The ASAs Statement on pValues Context Process and Purpose The American Statistician 702 129133']"
43,224,43_audio_spectrogram_speaker_sound,"['audio', 'spectrogram', 'speaker', 'sound', 'file', 'audio file', 'speech', 'voice', 'wav', 'instrument']","['I am trying to build a CNN model which should be able to identify the language being spoken in an audio file I have extracted the MFCC matrix for 13 coefficients for each audio file and trained it The audio files are call recordings The accuracy is too high over a small data sample The problem I have now is that in many audio files there are common voices I have a suspicion that the model is giving high importance to these voice features instead of features which are important to identify language ie since 1 person speaks in only one language the model might think the voice features of those files are important for classification  this will make it fail while testing for new voices How do I manipulate the data such that each audio files has a different voice example changing frequency is one way How to change voice features in python without affecting speechlanguage features', 'I am working on an audio classification problem statement to classify between two audio classes I have collected samples from jotform they are providing audio widget to collect wav audio but it turned out that widget is storing data in mp3 format  In my problem statement Classification classes are from different formats  I am adding both types of classes sample here  Class A sample audio  its in wav format Details  Class B sample audio Jotform says its wav format but only extension is wav file is mp3 format Details  What i am doing before feeding it to neural network  Downsampled to 16kHz the level of the signal was normalized Segmented in audio segments by removing the silences in the signal High filtered preemphasis filter Audio segments were then divided in nonoverlapping Hammingwindowed frames of 25ms Now after this extracting various features from each frames including MFCCs Zerocrossing rate ZCR Formants the first 4 etc and at last feeding all these features to simple dense layer neural network or CNN spectrogram format But the problem is both classes audio files are in a different format class A audio samples are in wav and class B audio samples in mp3 and there are high chances that network can be biased towards format or audio encoding Solutions I have thought  Downgrade all files to 16kHz frequency  But format issue is still there or convert all files into one universal format for example I am converting all mp3 files to wav files then all files will be having same format I could convert one into another but I am afraid I will lose quality on the converted files My doubt is if I downsampled both classes audio samples wav and mp3 both to 16kHz will my neural network still be format biased What would be a good strategy for me for Audio classification when audio files are in different formats How to deal with different audio formats for audio classification', 'I have gathered some raw audio from all the conferences meetings lectures  casual conversation that I was part of The machine transcription did not offer good results from Azure AWS etc I would transcribe it so to have both datalabel audiotext for ML training My question is whether to have small 310 sec audio files split it at silence and then transcribe each small file or large file with timestamps with subtitlesrt format What if I have a long duration audio file with text I heard long files have more chances of errors  not accurate training What if I add timestamp like subtitle file srt Do I need small audio files I tried Azure custom Speech to train and test but it threw errors saying it wont process large audio files so small chunks is recommended What other ML platforms AWS Watson GCP have it their data labelling criteria Sorry I couldnt find other than MS Azure Ideally I shall have its own speech recognition system with clean slate open to hear suggestions on model selection but need to know what format  style the data should be created The way I see it audio splitting say cutting a 30 mins audio into 200 parts can be automated but then how to separate transcripts into 200 lines need to check manually to linebreak So not a good option to go for large datasets Thus its important to decide the data format before working on it for assigning the transcribers the proper instructions So the question again with the clean slate a to have large audio files with timestamp transcript or b to have small audio files with single line text  how Please guide I did bit research but finally dared to post a question How to prepare Audiotext data for speech recognition']"
44,224,44_topic_lda_document_cluster,"['topic', 'lda', 'document', 'cluster', 'word', 'topic modeling', 'clustering', 'topic modelling', 'modeling', 'number topic']","['Topic Modeling Topic modeling is a technique for taking some unstructured text and automatically extracting its common themes it is a great way to get a birds eye view of a large text collection simply it is a type of statistical model for discovering the abstract topics that occur in a collection of documents Popular topic modeling algorithms Latent Semantic Analysis Latent Dirichlet Allocation Hierarchical Dirichlet Process Nonnegative Matrix factorization Evaluating Model The final score can be calculated using the below metrics Perplexity  This is a statistical measure of how well a probability model predicts a sample As applied to LDA for a given value of k you estimate the LDA model Then given the theoretical word distributions represented by the topics compare that to the actual topic mixtures or distribution of words in your documents  Lower the better Coherence Score  Is defined as the averagemedian of the pairwise wordsimilarity scores of the words in the topic  The higher the better Limitation of LDA latent dirichlet allocation', 'It looks to me like topic modeling methods would be a good candidate for this problem This option has several advantages its very standard with many libraries available and its very efficient at least the standard LDA method compared to calculating pairwise similarity between documents A topic model is made of a set of topics represented as a probability distribution over the words This is typically used to represent each topic as a list of top representative words for each document a distribution over topics This can be used to assign the most likely topic and consider the clusters of documents by topic but its also possible to use some subtle similarity between the distribution The typical difficulty with LDA is picking the number of topics A better and less known alternative is HDP which infers the number of topics itself Its less standard but there are a few implementations like this one apparently There are also more recent neural topic models using embeddings for example ETM Update Actually Im not really convinced by the idea to convert the data into a graph unless there is a specific goal to this analyzing the graph version of a large amount of text data is not necessarily simpler In particular it should be noted that any form of clustering on the graph is unlikely in general to produce better results than topic modelling the latter produces a probabilistic clustering based on the words in the documents and this usually offers a quite good way to summarize and group the documents In any case it would possible to produce a graph based on the distribution over topics by document this is the most natural way there might be others Calculating a pairwise similarity between these distributions would represent closely related pairs of documents with a highweight edge and conversely Naturally a threshold can be used to remove edges corresponding to low similarity edges', 'I used BERTopic to generate a topic model over a large dataset of texts The result is very appealing and the modeled topics are mostly perfectly interpretable for a human especially compared to other topic modeling approaches According to the documentation eg  the topic with number 1 refers to outliers and should be ignored Topic 1 is in my case indeed a topic consisting of unrelated common words without a possible interpretation However in my topic model as well the second topic with number 0 is just a mixture of unrelated words and not a nice topic in terms of human sense All the following topics are very nice topics with a clear meaning My question Is it okay to ignore the first two topics 1  0 modeled by BERTopic and only start using the topics from topic 1 on Or is this problematic and indicating an issue with the model Is there a parameter that can be changed to change this behavior in order to ensure that only topic 1 will be an uninterpretable topic BERTopic Is it okay to ignore the first two topics']"
45,219,45_science_data science_scientist_data scientist,"['science', 'data science', 'scientist', 'data scientist', 'data', 'job', 'skill', 'project', 'statistic', 'course']","['To Do Good Infrastructure  A data science team required a lot computing power and good infrastructure if they work on Big Data ML problems etc You should have machines with good computing power and ideally access to any cloud for better performance A good data science team may not work efficiently if lack of resources Data Engineering Team  Most of data scientist can access data from databases but it is not fair to expect them to create Data Pipeline So hire good data engineers who can help you ingest the data and create pipeline which can be used by Data Scientist This may also include a thorough documentation of data to ease the process Good MLOPs Practices  Data Scientist tries 100s of different ideas before implementing a final thing It becomes very important to properly document these ideas for reproducibility and collaboration A good company should encourage use of tools like MLFlow Tensorboard etc for tracking for more details   Code Sharing  Version Control  Every data science team should have best practices around code sharing and version control This helps teams to collaborate more effectively and efficiently Please refer to this link   eptuneaiblogversioncontrol Problem First Approach  Sometimes for data scientist it becomes very important to understand what are the burning business problem A data scientist should always be encouraged to solve business problems which brings value to the business You may take ideas from this blog   CheckPoints  Discussion  Given the nature of business problems it is very difficult for data scientist to come up with right solution Ensure that data science team and stakeholders have continuous checkpoints to ensure that everything is in right direction otherwise it can sometime lead to solutions which business was not expecting Help Them Improve Skill  Good data scientist thrive on learning A good organisation should provide enough opportunities to learn and grow their skills This will help them to stay happy and grow with you To Avoid Expecting Unicorn Data Scientist  Some companies expect data scientist to do data engineering model development and prodcutionalize the model For more details   Avoid Agile for Data Science Projects Agile methodology for data science projects works in theory but not in reality in my humble opinion The agile approach has been popularized by the success of agile software development and it relies on shortterm deliverables aka sprints that allow teams to show progress frequently and adapt quickly However when we need to do research or explore data for unknown insights the agile methodology does not work because we cannot predefine nor schedule these activities with certainty Please refer to this link', 'You already have pretty good answers to your question but 5 years ago I was in a similar situation as yours so maybe what I learnt and noticed can be of interest to you and some other people My situation was similar but different compared to you I had some advantages it was several years ago  background in engineering and longtime selftaught programming skills and some disadvantages age  so take what I write with a grain of salt as just one example that may not apply to your personal situation 5 years ago I made a lot of research about Data Science and I arrived to the conclusion that the market will be soon saturated and that because of my unusual profile it would be extremly difficult to find a job as a junior Data Scientist Nonetheless I decided to take the risk and I am very glad that I made the switch but the journey was much more difficult than I had imagined In 2025 it doesnt seem to be an easy time to look for a junior job in Data In 2015 it was according to what I have been told but for the past few years Data Science and GenAI became so popular that many schools and training institutes appeared good business and trained a lot of students Now there are many very smart people from all over the world in the field which also explains all these amazing advances that appear so frequently in AI But as another consequence the market is saturated with junior profiles at least in my geographic zone It may not be the case where you live so I suggest that you try the free 1 month premium offer at LinkedIn Like that you will be able to see how many persons answer the job offers that you are interested in For example where I live after one week companies looking for a Data Scientist receive often around 400 CV  Last month I read a post on LinkedIn from a junior Data Analyst who had sent 800 CVs and was still unemployed Also with LinkedIn you will be able to network with Data professionals in your country who will be able to give you useful advice and market knowledge You wrote that you want to work remotely but many people from all around the world want to so I dont think that it is very realistic for now Moreover it doesnt seem that there are many remote positions for a junior profile Thats why I asked you for your motivation in the comments You will need passion and hard work to go over all the challenges that will appear on the way Talent will help obviously On the other side money and wanting to work in a cool industry would not be enough motivation Then luck is also a factor but one has to help ones luck and by definition it is not very reliable Maybe you could try to study while you keep your job For me discovering Deep Learning was so fascinating that for more than 1 year I kept working at my job but I would get up 1 hour earlier everyday to read MLDL bookswebsites Often a good part of my weekends and sometimes holidays was dedicated to study and practice Data Science You could also enter some online competitions like Kaggle to learn faster and test yourself but it is not what will land you a job though again I heard that some people got lucky Meanwhile if I were you I would look now for a job in Sales as it is your expertise today in an AI company or a big company with Data professionnals working there could be in any field And in your countrycity would be much better even if the pay is less Like that you will be able to meet local people working in Data and they will give you realistic advice tailored to your personal situation About education Of course dont believe all the ads implying that after a 3 months bootcamp or even one year you will find a job in Data starting from scratch It is not going to happen for 999 of people There is way too much competition in the field now and the subjects to master are quite numerous and often not so easy to grasp Clearly a real education in a universityschool would be much better on your CV than an online school but it will take more time Moreover again think networking in real life This said professional experience is much more important to recruiters than where you got your degree from So if you take this path whatever you choose make sure that you will be able to work many months hopefully a total of 1 year and preferably in different companies thanks to internships or apprenticeships Personal projects are good but everybody have several of them It will probably be a subject of discussion during a technical interview but it is very difficult to get one as a junior and the 1st screen will be on your CV and specially on your professional experience even for a junior position It is much easier for the ATS automatic screening and the recruiters who naturally most of the time are not trained in Data to count the number of years of professional experience than to guess how good is an applicant for a given job Even more so when they have hundreds of CV to go through Data Scientist or Data Analyst  You dont seem sure so first research precisely the differences between the different jobs in Data What would you prefer  Unfortunately the job market doesnt care much about what we prefer  As you dont have an engineeringmathprogramming background my guess is that your best chance though not easy would be to target a Data Analyst job If you really want to become a Data Scientist after a couple of years as a Data Analyst the switch could be possible I guess easier in the same company even by studying Data Science by yourself on your free time Also in my country most companies will ask for a 5 years degree for a Data Scientist position and it seems to be sometimes less for Data Analysts Nonetheless the market for junior Data Analysts looks I may be wrong even more crowded than the market for junior Data Scientists Another option  If you are happy with your current job life and forecasted future another option could be to keep your job and learn Data on your free time as a hobby And as I wrote above you have the advantage to probably be able to find a job in many industries so why not do Sales for a company which has a Data department network there keep learning and practicing  who knows what could happen after a few years', 'Data science as a distinct term is fairly new especially compared to related fields like statistics computer science and economics Consequently it is not totally clear what constitutes data science Sure there is a scope on this Stack but this is just one venue Not everyone has to agree with how this Stack defines data science Is data science statistics Is data science statistics done on a computer Is data science different from data analysis Is data science machine learning Is data science deep learning Is data science about predicting Is data science software development Is data science SQL management Other data management Data visualization People who know how to work with computers Not everyone is going to agree on the answers to those questions so various shops have different requirements depending on the exact work they do and the skills by existing employees If they already have a bunch of statisticians they probably seek other skillsets in a new hire If a shop lacks a statistician such skills might be emphasized If the statisticians lack background in modern deep learning such skills might be emphasized If the SQL administrators have no idea how to draw insights or even present some basic insights to management someone with a background in data visualization might be desired Combine this with the perception that data scientists make a lot of money whatever that means and that data scientists being tremendous value and tons of people want to be and hire data scientists whether that label accurately describes the skills of the perspective employee or the tasks performed in job opening Ergo there is not a clear path to becoming a data scientist what degrees to earn or what skills to acquire']"
46,211,46_paper_article_reference_link,"['paper', 'article', 'reference', 'link', 'book', 'thanks', 'please', 'thank', 'source', 'answer']","['WhatEvery1Says  WE1S Specifically this project deals with Reddit posts A Digital Humanities Study of Reddit Student Discourse about the Humanities  WE1S Below are some screenshots from the project Most prominent topics for Humanities and STEM shown in dfrbrowsers Topic View Topics likely to represent student discourse Topic 105 in pyLDAvis with Relevance set to 06 Get start by download all Workspace files and follow the documentation Since Ive had spent some time to study this project if you are interested to learn more about it as well you are welcome to contact me and we will share our knowledge', 'do you have references', 'Here is the paper']"
47,208,47_discriminator_gan_generator_gans,"['discriminator', 'gan', 'generator', 'gans', 'image', 'generative', 'loss', 'generate', 'real', 'generated']","['Yes we can use the Discriminator of the GAN to classify images But we should make sure that the images produced by the Generator are real looking If you have trained your GAN on a large number of images and it is performing pretty well on the dataset then I insist you to treat the Discriminator model as a pretrained model  like we do in transfer learning  and again train this model on images which were not used to train the GAN earlier Thus the model is fine tuned on the dataset on the GAN wasnt trained before Another similar way could be to only use the weights of the CNN layers and load them in our new model Suppose I train a GAN until the generator is good enough to fool the discriminator much of the time Could I then use the discriminator as a classifier that tests whether an input belongs to a single class You should definitely try reusing a Discriminator from a GAN and share your results too', 'I am trying to train a Conditional Generative Adversarial Network CGAN to generate synthetic leaf images However during training my discriminators accuracy quickly reaches 100 and the generators loss drops to 0 I am using TensorFlow and Keras for this implementation My goal is to understand why this is happening and how to address it to ensure proper training of both the generator and the discriminator Here is the relevant code for my CGAN model and the training loop Dataset Details I am using a Leaf image datasets of image dimensions 256x256 across 11 classes Model Code Training Code I have implemented the CGAN using TensorFlow and Keras following standard architectures for the generator and discriminator I used the Adam optimizer with learning rate schedules for both models I expected the discriminator and generator to learn progressively resulting in a balanced game where the discriminator cant easily distinguish between real and generated images However during training the discriminator quickly achieves 100 accuracy and the generator loss drops to 0 indicating that the discriminator is overpowering the generator and the generator isnt learning effectively CGAN Training Issues Discriminator Accuracy at 100 and Generator Loss at 0', 'After a few tries I had trained a GAN to produce semisensible output In this model it almost instantly found a solution and got stuck there The loss for both the discriminator and generator were 068 I have used a BCE loss and the accuracies for both went to around 50 The output of the generator looked at first glance good enough to be real data but after analysing it I could see it was still not very good My solution here was to increase the power of the discriminator increased the size of it and retrain I hoped by making it larger it would force the generator to create better samples I got the following output It seems that as the GAN loss increases and is producing worse samples the discriminator can pick it out more easily When I check my output from the trained generator I see it follows some basic rules the real data is following but again under closer scrutiny they fail more complex tests the real data would pass My questions are Is my above interpretation of the plots correct For this run have I made the discriminator to powerful Should I increase the power of the generator Is there another technique I should investigate to stop this form of mode collapse Thank you EDIT The architecture I am using is a form of Graph GAN The generator is just a series of linear layers The discriminator is 3 Graph Conv Layers then some linear layers Slightly similar to this paper Two potentially unconventional things I am doing There is no batch normalisation I have found this has a very negative effect on the training Though I could try and persevere with it I am using StandardScaler to scale my data This choice was made as it easily allows you to unscale data This is useful as I can take the output of the generator and easily transform it into an original scale However StandardScaler does not scale things between 1 and 1 so I cannot use tanh as the final activation function of my generator instead the final layer of the generator is just Linear The outputs of the GAN once rescaled and the shape has been changed are similar to An example of the truth is Notably the topleft value in the matrix will always be 456 My Generator does not even consistently produce this Help interpreting GAN output and how to fix it']"
48,204,48_threshold_threshold value_class_value,"['threshold', 'threshold value', 'class', 'value', 'optimal threshold', 'probability', 'classifier', 'optimal', 'classifier return', 'classifier return class']","['Welcome fo DSSE  Aligning Model Classifications with Business Expectations When classifications from a model fail to align with business expectations or the target metric in this case X the ratio of calloff contracts spend over total spend this discrepancy may stem from the threshold strategy featuretarget relationship or model configuration Below I outline some steps for addressing these issues with a focus on logistic regression and decision tree models 1 The Threshold Strategy Classification thresholds directly affect how well model outputs align with business priorities The default threshold of 05 may not suit the specific context of X Optimising the Threshold Definition For binary classification the predicted probability p determines the output class y  y  begincases 1  extif  p geq extthreshold  0  extotherwise endcases  ROC Curve Use the Receiver Operating Characteristic ROC curve to identify the threshold that maximises a businessrelevant metric such as True Positive Rate TPR or a custom metric derived from X  extTPR  frac extTrue Positives extTrue Positives  extFalse Negatives  CostSensitive Thresholding Adjust thresholds based on a cost matrix to account for the business impact of misclassifications  extCost  C extFP cdot extFP  C extFN cdot extFN  2 FeatureTarget Alignment Poor alignment between features and X can cause suboptimal predictions Feature Importance Logistic Regression The relationship between features X and the outcome Y is defined as  extlogitp  beta0  beta1 X1  ldots  betak Xk  Examine coefficients betai to identify features that contribute most to X Decision Trees Decision trees split data to maximise information gain eg using Gini impurity  G extsplit  sumi pi1  pi  Alternatively entropy can be used as a splitting criterion  H extsplit   sumi pi log2pi  Feature Engineering DomainSpecific Features Engineer features such as timebased spend trends or categorical groupings to improve alignment with X Data Quality Target Consistency Verify that X is consistently defined and measured Handling Imbalances Address target imbalance using techniques like oversampling eg SMOTE or applying class weights However please note that there is considerable disagreement about the exctent to which class imbalance is a problem in machine learning and statistics See the following threads over at Cross Validated for details What is the root cause of the class imbalance problem When is unbalanced data really a problem in Machine Learning 3 Model Refinement The models structure and hyperparameter tuning significantly influence alignment with X Logistic Regression Regularisation Apply L1 Lasso or L2 Ridge penalties to prevent overfitting  L extridge  sum haty  y2  lambda sum beta2  NonLinearity Use polynomial terms or splines to capture complex relationships between features and X Decision Trees Pruning Reduce tree complexity to prevent overfitting Ensembles Employ methods like Random Forests or Gradient Boosting to improve accuracy 4 Validation of Business Alignment Validating alignment with X requires incorporating business metrics and stakeholder feedback Steps Custom Metrics Define a metric directly reflecting X eg weighted cost of misclassification Stakeholder Engagement Periodically review whether predictions align with business expectations Simulations Test model predictions against historical data to evaluate alignment with X Example Optimising Thresholds in Python The following Python code demonstrates how to optimise thresholds Summary To address discrepancies between model classifications and business expectations Optimise Thresholds Adjust thresholds to align with business priorities Enhance Features Engineer features that strongly correlate with X Refine Models Regularise and simplify models to improve predictions Validate with Business Incorporate custom metrics and stakeholder feedback', 'Why have a threshold at all', 'Why use 05 as your threshold']"
49,201,49_log_distribution_skewness_normal,"['log', 'distribution', 'skewness', 'normal', 'transformation', 'skewed', 'normal distribution', 'kurtosis', 'log transformation', 'transform']","['allows to create a gaussian distribution based only on mean and variance I want to create a distribution based on  I tried but I dont understand how to use it It takes 2 parameters   and creates a distribution But it is difficult to interpret for what values of   the function will give a particular value of skewness and kurtosis Can anyone explain how to use or any other way to create such a distribution in python even from scratch by writing mathematical equations Edit By Gaussian I mean that I want the distribution to be normal with some skewness or kurtosis as well It need not be a standard normal distribution How to make a gaussian distribution in python considering mean variance skewness and kurtosis', 'This is an interesting question So sorry for a long winded answer The tldr is it is a mix of some real applicability theoretical basis historical baggage due to limited compute power and obsession for analytically tractable models instead of simulationcomputational models We should be very careful and discerning while using it in real problems Details The importance of normal distribution comes from the following factsobservations Many naturally occurring phenomenon seem to follow normal distribution when sample size is large more on this below In Bayesian statistics if you assume a Normal distribution prior on parameters then posterior distribution is also normal This makes computations easier Somewhat related central limit theorem tells us that average of a samples from any distribution no fat tails follows normal distribution So normal distribution is useful and provides theoretical basis for doing population level parameter estimates from samples think of election predictions But again this assumes the underlying data comes from a distribution which is well behaved and extreme values are very unlikely In short normal distribution can be thought of as a good base case which is analytically tractable easy to code up and also seems to be applicable to many models of nature Somewhat broken analogy but in Physics we consider linear second order differential equations to study many systems Now not all systems actually are linear second order but it is a reasonable approximation under some constraints that is easier to analyze and code up And overusage of normal distribution everywhere is actually controversial As we have to more computing power and access to Monte Carlo based simulation based method we are no longer limited by using only analytically tractable distributions We can use distributions which more accurately fit the reality Normal distributions are useful for natural phenomenon heights of students in a class but are way inaccurate to model mostly man made systems income of people in a town potential swings of stock indices during panic For example many critics of probabilistic financial models observe that the underlying models use normal distribution But real market swings are mostly fat tailed distributions where extreme outcomes are more likely than normal distributions If you want to go down on deeper into this start with statistical consequences of fat tails by Nassim Nicholas Taleb Fun fact if you look at the wild swings in the price of GameStop stock from the rwallstreeetbets saga Taleb pointed out that the swings are not actually wild if you consider a fat tailed distribution', 'There are several ways to handle skewed data in regression analysis Log Transformation This is a common method to handle rightskewed data It can help to normalize the data and reduce the effect of outliers In your case you can apply log transformation to your Y variable number of views per day However keep in mind that the interpretation of the coefficients will be in terms of percentage change rather than absolute change Square Root or Cube Root Transformation These are other types of transformations that can help to reduce skewness The square root transformation is particularly useful when dealing with counts like your number of views per day BoxCox Transformation This is a more general form of transformation that includes log square root and reciprocal transformations as special cases It finds the best power transformation of the data that reduces skewness to a target value usually zero for normalization Nonlinear Models If the relationship between your predictors and the response variable is not linear you might want to consider nonlinear regression models or other machine learning models that can handle nonlinearity Quantile Regression This type of regression does not make any assumptions about the distribution of the error term so it can be a good choice when dealing with skewed data It predicts the median or other quantiles of the response variable rather than the mean Robust Regression This type of regression is less sensitive to outliers in the data It uses a different loss function like Huber loss or Tukeys bisquare loss which gives less weight to outliers Tobit Model This is a type of regression model that is used when the response variable is censored ie it has a lower or upper limit In your case since the number of views per day cannot be less than zero a Tobit model might be appropriate However Tobit models are more commonly used in econometrics than in machine learning In terms of dealing with outliers its important to understand why they are present in your data If they are due to errors or anomalies it might be appropriate to remove them However if they represent legitimate observations they might contain valuable information and should not be removed In this case using a method that is robust to outliers like robust regression or log transformation might be a better approach Finally when dealing with text data you might want to consider using a method that can handle highdimensional sparse data like regularized regression Lasso or Ridge or a treebased method Random Forest or Gradient Boosting These methods can also handle nonlinearity and interactions between predictors which can be useful when dealing with text data']"
50,199,50_sentiment_sentiment analysis_analysis_review,"['sentiment', 'sentiment analysis', 'analysis', 'review', 'positive', 'tweet', 'negative', 'text', 'word', 'positive negative']","['The goal is as follows I have a big article and I want to define the sentiment of the particular word For example the article describes pros and cons of bikes and cars and I want to find the sentiment of the word car In such an example I cannot use documentlevel SA as the article itself can be positive while the car was mentioned in a negative way So I studied papers related to aspectbased sentiment analysis but my constait is absence of data for training NNs Hence I concentrated on the approaches that basically do not involve training process One of my attemts was to build sentiment analysis tool using word2vec and KMeans so that each cluster corresponds to one of three sentiments pos neg and neu It actually worked great but I found that for some reason one word can be at two clusters at the same time Plus it generally goes not give sentiment for specific keyword but for all aspects found in the text Another problem is that basically cannot test the correctness of the output if only not to read the text by myself and check whether the keyword belonged to the correct cluster or not So I came to the decision to make summarization of the article first and then applying sentiment analysis like sentiwordnet or similar Question 1 Are there ways to improve word2vecKMeans approach Is it even worse improving Question 2 Is it a good idea to go through text summarization before sentiment analysis Question 2 Is there better way to find sentiment of the particular word without training process due to no training data and small amount of unlabeled data Sentiment analysis of the target in articles', 'Im working on a project which deals with MRC Machine Reading Comprehension I would like a machine to read an article and give me the sentiments based on a provided token For Instance given the input Jackson Heights should see an increase in real estate While other areas of brookln should see a steep decline Given the token Jackson Heights Should return a score indicating positive sentiment eg 72 Given the token Brooklyn Should return a score indicating negative sentiment eg 72 Ive tried to solve this problem in several different ways Ive been following along with a tutorial for sentiment analysis Ive linked to the corresponding jupyter notebook The issue is that this Sentiment Analysis doesnt really do much for multiple reasons Sentiment analysis removes stop words such as werent and were So the statement I would buy google stock and the statement I wouldnt buy google stock would evaluate to the same sentiment Sentiment analysis is only per text so understanding what subject applies to sentiment is important eg I love chicken and I hate fish may return a negative sentiment because neural nets have a tendency to put a stronger weight on statements closer to the end However the sentiments to be tokenized based on the subject Ive investigate a few open source technologies for this such as AllenNLP However this didnt seem promising because the model assumes the question can be answered Given the text The price of GOOG should increase by 3 next week and a question How much will Yahoo increase the output still highlights 3 instead of returning nothing After I investigated a simple Question answering bot using Kaggle This seems a bit more robust but it seems a bit overkill I dont want to investigate a complicated AI model if there is a simpler solution To put the question in its simplest form I would like to parse a document into a list of tokens with their sentiment score However the solutions ive tried remove important information and full NLP seems to be a bit overkill could someone outline an simple efficient process for obtaining tokenized sentiment analysis Parse documents to obtain subjective sentiment', 'Sentiment analysis Sentiment analysis is one of the most widely known Natural Language Processing NLP tasks Sentiment analysis is the task of determining the emotional value of a given expression in natural language It is essentially a multiclass text classification text where the given input text is classified into positive neutral or negative sentiment The number of classes can vary according to the nature of the training dataset Sentiment analysis generally falls into two categories Rulebased algorithms Machine Learning models RuleBased Algorithms Rulebased sentiment analysis is one of the very basic approaches to calculating text sentiments It only requires minimal prework and the idea is quite simple this method does not use any machine learning to figure out the text sentiment For example we can figure out the sentiments of a sentence by counting the number of times the user has used the word bad in hisher review Machine Learning Models Machine learning models rely on feedback data that has already been assessed by humans to have a particular sentiment Each piece of feedback is labelled by a human reader who may place the feedback into a particular category The categories could be as simple as positive negative or neutral As long as there exists labelled data a machine learning model can often identify complex concepts For example a car manufacturer may desire to classify the sentiment of feedback from past buyers as budgetconscious ecoconscious techenthusiastic luxurydriven performancedriven etc Assuming there is adequately labelled training data for each of these categories a machine learning model could assign a score for each category This could help analysts understand the brand better answering questions about what consumers do or do not like about a particular vehicle if I use TextBlob in Python to get data to label 01 of texts positive egative and then use logistic regression for training and prediction is this feature method or rulebased method Its ML Method']"
51,196,51_outlier_remove_remove outlier_removing,"['outlier', 'remove', 'remove outlier', 'removing', 'removing outlier', 'outlier detection', 'data', 'iqr', 'detection', 'value']","['Im analyzing how outliers in my dataset of size 8x8000 affect regression models I have three scenarios raw dataset with outliers Winsorized dataset 2 of the extreme outliers adjusted and dataset without outliers rows with outliers removed I trained both linear regression and SVM models R steadily drops as outliers are reduced Raw dataset R  098 Winsorized dataset R  094 No outliers R  089 From my experience removing outliers improves model performance but this time its the opposite Could this be due to overfitting to the outliers in the raw data Are there any other metrics I should be analyzing to better understand this behavior Does it have to do with the way I transformed the data Log  StandardScaler Are there IEEE or other academic papers that discuss outliers effects on regression and machine learning models Regression model R2 drops when I remove outliers is that even possible', 'How did you find these outliers', 'Why are you removing outliers']"
52,195,52_tfidf_document_word_frequency,"['tfidf', 'document', 'word', 'frequency', 'idf', 'corpus', 'vocabulary', 'vectorizer', 'term', 'document frequency']","['First produces a matrix of token counts not TFIDF weights In order to obtain TFIDF weights you would have to use TfidfVectorizer If the goal is to study term frequency there is no point using TFIDF since TFIDF weights are different from frequency TFIDF is used to reduce the weight of tokens which appear frequently compared to tokens which appear rarely Moreover TFIDF weights are at the level of a document so they cannot be used as a measure of global comparison across all documents Across documents you could use the IDF Inverse Document Frequency part only but then why not simply use Document Frequency Note that the same applies to a token count matrix the values are at the level of a document In order to find the global frequency one has to sum across the documents for every token Finally if you are trying to find the most frequent terms grams of any length its difficult to compare frequencies between ngrams of different length Additionally youre going to find real terms mixed with frequent grammatical constructs for example it is is not a term but its a frequent ngram', 'Your thinking is correct it is unefficient to recalculate TFIDF on the whole collection every time a document is added There are two parts in TFIDF TFwd is the Term Frequency of a word w in a particular document d its independent from other documents Its just defined as the proportion of w in d IDFw is the Inverse Document Frequency it is defined as the log of the inverse of the document frequency where the document frequency of a word is the proportion of documents in the collection which contain this word IDFwlogleftfracD d in D ext such that  win d   ight IDFw depends on all the documents so its costly to recalculate However updating IDF whenever there is a new documents can be implemented efficiently Maintain a global map of the document frequency not the IDF for every word This map is easy to update for every distinct word w in the new document increment mw Whenever a TFIDF weight is needed collect the required document frequency and apply the IDF formula I dont know whether this can be done with scikit API or not but its not too big a task to implement it yourself and its a good little exercise to understand TFIDF', 'Its common to see some confusion about TFIDF so thank you for asking this question  TFIDF is not a metric its a weighting scheme This means that its a way to represent a document not to compare documents TFIDF assumes a bag of words BoW representation ie a document or sentence is represented as a set of words their order doesnt matter The basic BoW representation is to encode every tokenword with its frequency TF In TFIDF the frequency of the word is multiplied by the IDF actually the log of the IDF in order to give more importance to words which appear rarely Two important points The TF part is specific to the document whereas the IDF part is calculated across all the documents in the collection Each dimension in a TFIDF vector represents a word The dimensions are the same for all the documents they correspond to the full vocabulary across all the documents this way index i always corresponds to the same word wi Note that there are other weighting schemes which can be used to represent documents as vectors for example Okapi BM25 CosineTFIDF is a metric to compare TFIDF vectors Once documents or sentences have been encoded as TFIDF vectors using the same vocabulary same dimensions these vectors can be used to calculate a similarity score between any pair of documents or a document and a query encoded the same way The Cosine similarity measure is certainly the most common way to compare TFIDF vectors Its so common that sometimes people omit to mention it or oversimplify the explanation by saying that they compare documents with TFIDF this is technically incorrect Note that other similarity measures can be used as well with TFIDF vectors Most other measures eg Jaccard tend to give similar results theyre not fundamentally different from Cosine']"
53,195,53_graph_node_edge_network,"['graph', 'node', 'edge', 'network', 'embedding', 'vertex', 'clique', 'graph neural', 'gcn', 'graph neural network']","['I am reading the paper The Graph Neural Network Model by Scarselli et al I understand how node classification works I am having trouble understanding how graph classification works however In particular in the section titled The Learning algorithm the authors mention that Learning in GNNs consists of estimating the parameter such that w approximates the data in the learning data set where qi is the number of supervised nodes in Gi For graph focused tasks one special node is used for the target qi  1 holds whereas for nodefocused tasks in principle the supervision can be performed on every node The node focused task approach makes sense to me you would essentially compare the ground truth to each output of the local output function for each node and backprop accordingly However based on the above description I do not understand what you would do to classify the graph as a whole given its label What do they mean by one special node is used for the target qi  1 holds Why are they talking about a special node Why is there no mention of the graphs label Isnt that what we want to predict EDIT After reading through the entire paper and specifically looking at the Mutagenesis example I got a better understanding of how graph classification works as described in this paper at least However my understanding is still not complete I will explain what I understand and raise a followup question below As the text above suggests a particular node in the graph is chosen I believe this can be done at random and it will be the only node in the graph that is supervised All other nodes will be unsupervised so we will not make any predictions on those nodes We choose the local output function in such a way as to have it output a number between 1 and 1 although Im unsure as to whether or not you could pick a function that instead outputs a number between 0 and 1 I believe you can and its just a matter of what activation function you would like to choose ie sigmoid vs tanh in this example If the output is  0 we predict the graph has label 1 and 1 otherwise Now we just do what we did with node prediction except we only backpropagate on this single node that we chose This however raised a followup question for me If you are training on multiple graphs for graph classification each of which has a different connectivity which is usually the case and is the case in the Mutagenesis example how do you backpropagate Each graph in this case molecule represents a different neural network  How does graph classification work with graph neural networks', 'I have several graphs whose nodes I want to encode to later process them with a neural network I want the embeddings to take into account the topology of the graph around the nodes I am embedding such that nodes from different graphs but with a similar topology have close embeddings For instance on the figure below node A from graph 1 and node B from graph 2 should have close embeddings because the topology of the graph around them is similar Moreover I want to be able when I get a new graph to quicly compute the embeddings of its nodes and make sure that they are coherent with the embeddings I got earlier For instance if I get a third graph with a node C that has a topology around it similar to node A and B I want to be able to get its embedding that should be close to A and Bs embeddings without having to reprocess all the graphs To sum up I am looking for a deterministic  approach that would allow me to encode nodes and would yield similar results for nodes from other graphs but with a similar topology Is there any embedding method that allows that From my understanding most node embedding methods like GraRep HOPE node2vec are not portable to other graphs because they are not deterministic and could yield different results after training with nodes from different graphs even if these nodes have similar topologies Is there a node embedding method that is portable between graphs', 'GCNGraph Convolutional Networks and GraphEmbedding are two different methods for learning graphstructured data GCNGraph Convolutional Networks vs GraphEmbedding In GCN the training data consists of an adjacency matrix a degree matrix and the features of the nodesvertices in the graph The adjacency matrix is a square matrix containing information about the connections between the nodes in the graph The degree matrix is a diagonal matrix containing the degree of each node in the graph The GCN model uses these matrices and the node features to learn a representation of the graph In GraphEmbedding the training data consists of a set of nodes and the connections between them The goal of graphembedding is to learn a lowdimensional representation of the nodes in the graph such that the connections between the nodes are preserved in the lowdimensional space GCN is better than graphembedding in that it is able to incorporate the structural information in the graph given by the adjacency and degree matrices into the learned representation whereas graphembedding only uses the connections between nodes This allows GCN to learn more informative representations of the graph As for the difference between GCN and graph embedding GCN is a type of neural network that operates directly on the graph structure while graph embedding is a method for learning lowdimensional vector representations of nodes in a graph GCN has been shown to be effective for semisupervised learning tasks on graphstructured data while graph embedding can be useful for a variety of downstream tasks such as visualization clustering and classification The choice of which method to use depends on the specific task at hand Training a GCN Graph Convolutional Network typically involves defining a graph convolutional layer which takes in a graph and produces a new graph with updated node features This layer can be trained using a variant of backpropagation where the error is propagated through the graph structure Training a GCN typically involves the following steps Construct the adjacency matrix and degree matrix for the graph Use the adjacency matrix and degree matrix to define the GCN layer Initialize the weights of the GCN layer Forward propagate the input features through the GCN layer to get the output features Compare the output features with the ground truth labels and compute the loss Backpropagate the loss to update the weights of the GCN layer Repeat steps 46 for multiple epochs until the model converges GCN and graph embedding are not necessarily related or competing techniques  they are used for different purposes and can be used together in some applications GCN is a method for learning node representations in a graph that are suitable for performing downstream tasks such as node classification or graph classification while graph embedding is a method for representing nodes in a lowdimensional space for visualization or analysis']"
54,190,54_loss_loss function_function_mathcall,"['loss', 'loss function', 'function', 'mathcall', 'custom loss', 'custom loss function', 'custom', 'mathcall mathcall', 'value', 'output']","['I have two loss functions mathcalL1 and mathcalL2 to train my model The model is predominantly a classification model Both mathcalL1 and mathcalL2 takes are two variants of the focal losses mathcalL1 and mathcalL2 takes as input the same class probabilities and a hyperparameter gamma The formulation of mathcalL1 and mathcalL2 are distinct It is possible to mathematically show that beginequation mathcalL1geqmathcalL2 endequation As number of training samples increases the difference between mathcalL1 and mathcalL2 decreases Specifically is their any advantage of a lower loss value mathcalL1 with respect to sensitivity or any other metric Is there any advantage of a lower value of a loss function', 'What loss function are you using', 'I have a custom loss function In order to experiement how the loss is calculated during valiation I update the loss function as follows Multiply by 0 to make the data dependent loss value as always 0 Add a constant value like 1 to it so that the loss function always returns a value of 1 Now when I run on my data tensorflow shows me the loss value as  To further experiment I updated the constant value being returned by loss function from to other constant values Below you can see the table constant 0  loss 00567 constant 1  loss 10567 constant 2  loss 20567 I was expecting the final calculated loss to be same as the constant value I passed But thats not the case What is the reason for a constant difference of 00567 I have verified it across three versions of tensorflow 1140 1150 and 210 Loss function returns x whereas tensorflow shows validation loss as x00567']"
55,188,55_thank_worked_try_thanks,"['thank', 'worked', 'try', 'thanks', 'work', 'ill', 'try thank', 'thank much', 'try thanks', 'worked thank']","['I will try that thank you', 'It worked thank you very much', 'Thank you I will do that']"
56,187,56_hyperplane_kernel_svm_separable,"['hyperplane', 'kernel', 'svm', 'separable', 'support vector', 'vector', 'boundary', 'support', 'margin', 'linearly']","['In the support vector machine SVM algorithm the optimization goal is to find the hyperplane that maximally separates the positive and negative examples in the training data This is known as the maximum margin hyperplane Reference  To find this hyperplane the SVM algorithm first identifies the examples in the training data that are closest to the decision boundary a conceptual line surface or hyperplane that separates the input space into different regions or classes known as the support vectors The hyperplane is then defined by the support vectors and the distance between the hyperplane and the nearest support vectors is known as the margin The optimization goal of the SVM is to maximize the margin so that the hyperplane is as far away from the support vectors as possible In scikitlearn the SVM algorithm uses a quadratic programming solver to find the maximum margin hyperplane This solver iteratively improves the hyperplane by adjusting the weights and bias parameters of the model with the goal of maximizing the margin between the positive and negative examples The support vectors are identified during the optimization process and the resulting hyperplane is used to make predictions on new data', 'This is an excellent question and one I struggled with as well Firstly the margin is not fixed As your diagram shows the margin m  frac2lVert w Vert which is a function of the 2norm of the w parameter nothing else So the margin is maximized by minimizing the norm of w But lets back up to see why We have some data represented as vectors xi in mathbbRn and each xi is associated with a binary label yi in 11 for i in mathbbN We could have made the labels anything but choosing 1 and 1 is mathematically convenient An affine hyperplane is the generalization of a line in ndimensional space defined as the set of points x such that wTx  b  0 where w x in mathbbRn and wTx is the dot inner product between these vectors The choice of w will change the orientation of the hyperplane and the choice of b will determine its offset from the origin We want to find a hyperplane ie choice of w b that separates the data xi according to their class labels We assume our data can be perfectly separated by a line or hyperplane ie it is linearly separable So we want a hyperplane such that when yi  1 then wTxi  b le 0 and when yi  1 then wTxi  b ge 0 Theres actually a fairly straightforward algorithm called the perceptron algorithm that can find a hyperplane meeting those constraints But there are an infinite number of hyperplanes ie choices of w b that can satisfy the constraints of separating the data classes so in order for our hyperplane to work well in classifying future data we want it to optimally separate the data classes such that it is not biased toward one class or another and is situated perfectly between them with maximal space on either side maximal margins The easier way to set this up is that what we really want is to define two parallel hyperplanes one just on the inside boundary of class yi  1 and the other just on the inside boundary of the class yi  1 then the actual decision boundary will be the parallel hyperplane exactly in the middle of these In other words if we have our decision boundary hyperplane as wTx  b  0 then we want to find a delta  0 such that we can define two parallel hyperplanes on either side wTx  b  0 pm delta Wed like to maximize delta so that the distance between these two boundary hyperplanes is maximal that will give us maximal separation between the classes But if we keep delta a variable then changing the norm of w changing b or changing delta will change the margin between the two hyperplanes We really only want to optimize w b Moreover if we change delta by any scalar amount then we can just scale w b an opposite amount so we can fix delta to anything we want and still be able to adjust the margin by modifying w b This is where the pm 1 comes from it is from arbitrarily fixing delta  pm 1 because it is a convenient choice So we define our two parallel separating hyperplanes as  wTx  b  pm 1 Then the margin is the distance between these two parallel hyperplanes The displacement from the origin to a hyperplane is fracbVert w Vert and we can use this fact to compute the distance between our hyperplanes The distance from the origin to the first hyperplane is fracb1Vert w Vert and to the second hyperplane is fracb1Vert w Vert so the distance between them is aka margin m m  fracb1Vert w Vert  fracb1Vert w Vert m  frac2Vert w Vert  So the optimal hyperplane will be found by maximizing m ie  undersetwmaxfrac2Vert w Vert  undersetwminfrac12Vert w Vert subject to the constraint yiwTxi  b ge 1 Now if we had arbitrarily chosen delta  pi instead of 1 the margin would be frac2piVert w Vert but this is just a change in scaling and the optimization problem is identical in form', 'In mathematics and machine learning a dataset is considered linearly separable if there exists at least one hyperplane that can completely separate the data points of different classes without any overlap or misclassification This means that in an  n dimensional space a hyperplane which is an  n1 dimensional affine subspace should be able to create a partition that places all the points belonging to one class on one side and the points belonging to another class on the opposite side Lets go deeper into why the existence of multiple hyperplanes still aligns with the concept of linear separability 1 Existence of Multiple Hyperplanes Linear separability doesnt mean theres only one hyperplane that separates the classes It just means that at least one hyperplane must exist In fact when a dataset is linearly separable there are often many hyperplanes that can do the job You can imagine moving or rotating the hyperplane slightly and as long as it continues to separate the classes correctly it is still a valid solution So having multiple such hyperplanes doesnt contradict the definition it just shows that there is flexibility in choosing which one to use 2 NonLinearly Separable Case and Multiple Hyperplanes If the dataset requires multiple hyperplanes to separate the classes it suggests that no single linear function hyperplane can separate the classes completely This situation occurs when the dataset is nonlinearly separable In such cases a single hyperplane is not enough and you need to use multiple boundaries hyperplanes or transform the data to a higher dimension to achieve separation like using kernel methods in Support Vector Machines 3 Mathematical Interpretation Decision Function and Loss Minimization When we want to check if a dataset is linearly separable we are trying to find a decision functionusually a linear function in the form fmathbfx  mathbfwT mathbfx  b This function classifies the data based on parameters mathbfw and b the weight vector and bias The goal is to find these parameters in a way that minimizes classification errors using a single loss function However if you need multiple hyperplanes simultaneously eg intersecting or separate hyperplanes it means youd have to minimize multiple loss functions at once Mathematically this is a problem because its impossible to minimize two or more separate loss functions simultaneously for a single decision boundary This shows that the data is not linearly separable because no single linear function can separate the classes 4 Geometric Intuition and HigherDimensional Embedding If you find that multiple hyperplanes are needed it might mean that the data is actually separable in a higherdimensional space Techniques like kernel methods or neural networks can transform the data into a space where a single hyperplane can separate the classes This shows that the data is nonlinear in the original space and needs transformation to become linearly separable In summary if a dataset needs multiple hyperplanes for separation it is not linearly separable by definition Linear separability requires the existence of a single hyperplane that does the job even though many such hyperplanes might exist Using multiple hyperplanes implies that the data is nonlinear and needs more complex decision boundaries']"
57,186,57_answer_please consider_upvoting_upvote,"['answer', 'please consider', 'upvoting', 'upvote', 'please', 'consider', 'consider upvoting', 'please consider upvoting', 'accepting', 'mark']","['Hi abcd welcome to the site If you find the answers to your question useful please consider upvoting them Also please consider accepting one with the tick mark  next to it if you consider it correct or alternatively please describe in a comment why you consider it incorrect or not clear enough', 'Hi Professor welcome to the site If you find the answers to your question useful please consider upvoting them Also please consider accepting one with the tick mark  next to it if you consider it correct or alternatively please describe in a comment why you consider it incorrect or not clear enough', 'If you find the answer useful please consider upvoting Also please consider accepting one with the tick mark  next to it if you consider it correct or alternatively please describe in a comment why you consider it incorrect or not clear enough']"
58,181,58_anomaly_anomaly detection_detection_unsupervised,"['anomaly', 'anomaly detection', 'detection', 'unsupervised', 'anomalous', 'data', 'normal', 'threshold', 'detect', 'detect anomaly']","['I am working on some algorithms for anomaly detection The dataset is clean our anomalies so I want to add some artificial anomalies I have added some anomalies I get the maximum value of the dataset and add 2025 meaning these added anomalies are bigger than the max value by 20 to 25 Are there any other types of anomalies that would be nice to have had in an anomaly detection algorithm dataset My dataset is with integers and float Types of artificial anomalies', 'I am leveraging an isolation forest model from the scikitlearn library for anomaly detection in a time series dataset where each point in the dataset is a data frame However I possess additional knowledge about specific criteria that can identify nonanomalous data points How can I integrate this knowledge with the existing model to enhance its accuracy Before describing please consider that I am newbie to data science so pardon the flaws I know I can use supervised methods or hyperparameter on top of anomaly detection methods to incorporate what I asked But I feel it will destroy the advantage of using anomaly detection over supervised learning ie considering each batch independent of others and taking decision based on that batchs information itself I used anomaly detection instead of any other supervised learning method because I feel the data may evolve and the rate of falseanolamaly occurence is nearly constant over different batch and anomaly detection being dynamic can handle such situations If I used supervised learning method on top of anomaly detection this novelty will be lost as dense layer will consider past data and may lead to positive feedback of errors I am trying to find method to improve the anomaly results such that this method can guide the original algorithm based on criterias that the point which are closer to good rows are not to be considered anomaly but originality ie anomaly detection without this consideration also retains some weightage This method should solely rely on current batchs knowledge I understand that my approach may be flawed and I welcome any corrections and suggestions Edit Based on comments Ill try to briefly explain implementation and usage I have a process which keeps on generating new data the rate is not constant one of the reason for opting for anomaly detection as I am accumulating results of anomalies I donot want to find all anomalies at once but I want that if it detect the anomaly it should be an anomaly ie high precision rates are approximately two anomalies out of 900 points I poll and wait till the process has generated atleast 900 data samples and then feed them to the isolation forest This gives distance based score and I currently am using static threshold to point out anomaly points Now among those samples there are some samples which I am sure are not anomaly There are also some other samples which I am sure are not anomaly but I think if anomaly detection learns from them it might miss some actual anomalies so I want that they only subtly impact the original anomaly algo Also I donot want the method to be static in the sense that while some data samples may be good right now but similar samples can be rightly classified to anomaly based on that time slots other data samples thus I am avoiding hyper parameter optimization or dnn on top of anomaly detection from supervised data Another question I have is will it be feasible if I put the good point criteria before fitting the data frame I think in this case the information will be lost so I havent done it yet Improving performance of anomaly detection using dataset', 'I will try to clarify the point as best as I can Ideally a model for anomaly dtection should be trained with typical data so that atypical data anomalies stand out However in practice this may not be achievable So one can train the model on mixed data provided the relative percentages of typical vs atypical cases are overwhelmingly high How high the relative percentages should be is a grey area depending on model used type of data etc as in many cases in machine learning there is no fixed hard limit Thus in this case the model will learn typical data with very high accuracy thus can be used to detect atypical data Hope above analysis is clear enough As following references point out approaches to anomaly detection and training depends on whether data are labeled and whether supervised or unsupervised algorithms are used If data are labeled even if mixed then supervised algorithms will usually work including LSTMs If data are mixed and unlabeled then some clustering method eg kmeans can help in partitioning the data in typicalatypical sets and then proceed as previously Some references on variations regarding anomaly detection problems and their approach Anomaly Detection with Machine Learning An Introduction Supervised Training data is labeled with nominal or anomaly The supervised setting is the ideal setting It is the instance when a dataset comes neatly prepared for the data scientist with all data points labeled as anomaly or nominal In this case all anomalous points are known ahead of time That means there are sets of data points that are anomalous but are not identified as such for the model to train on Popular ML algorithms for structured data Support vector machine learning knearest neighbors KNN Bayesian networks Decision trees Clean In the Clean setting all data are assumed to be nominal and it is contaminated with anomaly points The clean setting is a lessideal case where a bunch of data is presented to the modeler and it is clean and complete but all data are presumed to be nominal data points Then it is up to the modeler to detect the anomalies inside of this dataset Unsupervised In Unsupervised settings the training data is unlabeled and consists of nominal and anomaly points The hardest case and the everincreasing case for modelers in the everincreasing amounts of dark data is the unsupervised instance The datasets in the unsupervised case do not have their parts labeled as nominal or anomalous There is no ground truth from which to expect the outcome to be The model must show the modeler what is anomalous and what is nominal The most common tasks within unsupervised learning are clustering representation learning and density estimation In all of these cases we wish to learn the inherent structure of our data without using explicitlyprovided labels Devin Soni In the Unsupervised setting a different set of tools are needed to create order in the unstructured data In unstructured data the primary goal is to create clusters out of the data then find the few groups that dont belong Really all anomaly detection algorithms are some form of approximate density estimation Popular ML Algorithms for unstructured data are Selforganizing maps SOM Kmeans Cmeans Expectationmaximization metaalgorithm EM Adaptive resonance theory ART Oneclass support vector machine Factor Analysis of Mixed Data for Anomaly Detection Anomaly detection aims to identify observations that deviate from the typical paern of data Anomalous observations may corre spond to nancial fraud health risks or incorrectly measured data in practice We show detecting anomalies in highdimensional mixed data is enhanced through rst embedding the data then as sessing an anomaly scoring scheme We focus on unsupervised detection and the continuous and categorical mixed variable case We propose a kurtosisweighted Factor Analysis of Mixed Data for anomaly detection FAMDAD to obtain a continuous embedding for anomaly scoring We illustrate that anomalies are highly separable in the rst and last few ordered dimensions of this space and test various anomaly scoring experiments within this subspace Results are illustrated for both simulated and real datasets and the pro posed approach FAMDAD is highly accurate for highdimensional mixed data throughout these diverse scenarios A comprehensive survey of anomaly detection techniques for high dimensional big data Anomaly detection in high dimensional data is becoming a fundamental research problem that has various applications in the real world However many existing anomaly detection techniques fail to retain sufficient accuracy due to socalled big data characterised by highvolume and highvelocity data generated by variety of sources This phenomenon of having both problems together can be referred to the curse of big dimensionality that affect existing techniques in terms of both performance and accuracy To address this gap and to understand the core problem it is necessary to identify the unique challenges brought by the anomaly detection with both high dimensionality and big data problems Hence this survey aims to document the state of anomaly detection in high dimensional big data by representing the unique challenges using a triangular model of vertices the problem big dimensionality techniquesalgorithms anomaly detection and tools big data applicationsframeworks Authors work that fall directly into any of the vertices or closely related to them are taken into consideration for review Furthermore the limitations of traditional approaches and current strategies of high dimensional data are discussed along with recent techniques and applications on big data required for the optimization of anomaly detection posted from my smartphone']"
59,174,59_autoencoder_latent_autoencoders_latent space,"['autoencoder', 'latent', 'autoencoders', 'latent space', 'image', 'vae', 'space', 'encoder', 'variational', 'input']","['Answering with some theoretical understanding of Variational autoencoders In the general architecture of encoders and decoders the encoder encodes the input a latentspace and the decoder reconstructs the input from the encoded latent space However the Variational autoencoders VAE the input is encoded to a latentdistribution instead of a point in a latent space This latent distribution is considered to be Normal Gaussian distribution Which can be expressed in terms of mean and variance Further decoders samples a point in this distribution and reconstructs the input Since VAE encoder encodes to a distribution than a point in a latent space and KL divergence is use to measure the difference between the distribution it is used as a regularization term in the loss function', 'what does an autoencoder do The simplest autoencoder takes a high dimensional image say 100K pixels down to a lowdimensional representation say a vector of length 10 and then uses only those 10 features to try to reconstruct the original image You can imagine an analogy with humans I look at someone describe them tall darkhaired  then after Ive forgotten what they look like I try to sketch them using only my notes what are we trying to learn In other words why bother A few reasons dimensionality reduction 10 features are a lot more convenient than 100K pixels For example I can perform classification by clustering in the 10dimensional space while clustering in the 100Kdimensional space would be intractable semantic meaning if all goes well each of the 10 features will have some obvious explanation  eg tweaking one value will make the subject look older though its normally not so simple As opposed to pixel values which are impacted by translation rotation etc Exception recognition if I train my autoencoder on dogs it should normally do a good job encoding and decoding pictures of dogs But if I put a cat in it will probably do a terrible job  which I can tell because the output looks nothing like the input So looking for places where an autoencoder does a bad job is a common way to look for anomalies I have seen examples where an image goes from a non smiling to a smiling face or to a black and white image to a colored image There are many different types of autoencoders What I described above is the simplest kind Another common type is a denoising autoencoder  instead of reconstructing the original image the goal is to construct an image that is related to the original image but different The classic example of this is denoising hence the name you can take a clean image add a bunch of noise run it through an autoencoder and then reward the autoencoder for producing the clean image So the input noisy image is actually different from the desired output clean image The examples you give are similar The challenge in designing these types of autoencoders is normally the loss  you need some mechanism to tell the autoencoder whether it did the right thing or not about the VAE it uses a probabilistic approch so we have to learn the mean and covariance of a gaussian A VAE is a third type of autoencoder Its a bit special because it is wellgrounded mathematically no adhoc metrics needed The math is too complicated to go through here but the key ideas are that We want the latent space to be continuous Rather than assigning each class to its own corner of the latent space we want the latent space to have a welldefined continuous shape ie a Gaussian This is nice because it forces the latent space to be semantically meaningful The mapping between pictures and latent spaces should be probabilistic rather than deterministic This is because the same subject can produce multiple images So the workflow is this You start with your image as before As before your encoder determines a vector say length 200 But that vector is not a latent space Instead you use that vector as the parameters to define a latent space For example maybe you choose your latent space to be a 100dimensional Gaussian A 100dimensional Gaussian will require a mean and a standard deviation in each dimension  this is what you use your length200 vector for Now you have a probability distribution You sample one point from this distribution This is your images representation in the latent space As before your decoder will turn this vector into a new output say a vector of length 200K But this output is not your output image Instead you use these 200K parameters to define a 100Kdimensional Gaussian Then you sample one point from this distribution  thats your output image Of course theres nothing special about a Gaussian you could just as easily use some other parametric distribution In practice people usually use Gaussians This sometimes gives better results than other autoencoders Further you sometimes get interesting results when you look between the classes in your latent space An images distance in the latent space from the cluster center is sometimes related to uncertainty Moreover there is the nice property that these highdimensional Gaussians are probability distributions in a rigorous mathematical sense They approximate the probability that a given image belongs to a given class So there is some thought that VAEs will be able to overcome the hand waving of deep learning and put everything back on a firm Bayesian probabilistic grounding But of course it is only an approximation and the approximation involves a lot of deep neural networks so there is still plenty of hand waving at the moment By the way I like to use this question during interviews  an astonishing number of people claim to have experience with VAEs but in fact do not realize that VAEs are different than regular AEs', 'I am a student and I am studying machine learning I am focusing on deep generative models and in particular to autoencoders and variational autoencoders VAE I am trying to understand the concept but I am having some problems So far I have understood that an autoencoder takes an input for example an image and wants to reduce this image into a latent space which should contain the underlying features of the dataset with an operation of encoding then with an operation of decoding it reconstrunct the image which has lost some information due to the encoding part After this with a loss function it reconstruct the latent space and so get the latent features about the VAE it uses a probabilistic approch so we have to learn the meand anv covariance of a gaussian So far this is what I have understood What I have really unclear is what are we trying to learn with autoencoders and VAE I have seen examples where an image goes feom a non smiling to a smiling face or to a black and white image to a colored image But I dont understand the main concept which is what does an autoencoder do I add here some sources of where I studied so that who needs can see them    What is an autoencoder']"
60,169,60_similarity_sentence_word_text,"['similarity', 'sentence', 'word', 'text', 'semantic', 'cosine', 'similar', 'cosine similarity', 'document', 'embeddings']","['Problems 1 How to find appropriate measurement method There are several ways to measure sentence similarities but I have no idea how to find appropriate method among them for my data sentences Related Question on Stack overflow is there a way to check similarity between two full sentences in python 2 Sentence or paragraph based If it is possible to acquire both one sentence and a paragraph which includes the sentence which is more accurate to measure the similarity among sentences or paragraphs What I tried so far 1 Ive tried to use one of the libraries to measure the similarity However Im struggling how to find more accurate method to measure similarities Same as sentence based it was figured out there are several methods to measure the similarity between paragraphs But there is no crew which is better generally highpeformance to compare sentence or paragraph base Related Question on Stack overflow How to compute the similarity between two text documents How to choose similarity measurement between sentences and paragraphs', 'I think there are at least two parts to take into account in evaluating such a model Whether the generated text correctly relate to the input topic Whether the generated text is grammatically and semantically acceptable In my opinion the first kind of evaluation could reasonably be done with an automatic method such as the one you propose Note that cosine scores should not be interpreted absolutely you should probably compute cosine similarity with a random sample of topics and normally one expects the similarity to be much higher with the input topic than any other You could also think of other variants for instance training topic models on the generated text together with a sample of documents from various known topics then check that the generated text belongs to the target topic ie it should be grouped with the documents known to belong to this topic For the second kind of evaluation it would be difficult and unreliable to use an automatic method As far as I know the only reliable way would be to ask human annotators to assess whether the text is grammatically correct and whether its content makes sense If youre going to do that you might as well ask them to annotate to what extent the text is related to the topic added following comment if you check whether the generated text is similar to the topic only by computing similarity with this target topic what you obtain is for instance an average cosine score Then you would probably select a threshold for instance if the similarity is higher than 05 then consider that the text is indeed related to the topic But there are two problems with this option In some cases the average similarity will be lower than the threshold even though the text is correctly related to the topic This could happen for example with a very broad topic which covers a large vocabulary On the contrary you might have cases where the average similarity is higher than the threshold but actually comparing to another topic would give an even higher similarity value These issues are due to interpreting the similarity score absolutely as opposed to interpreting it relatively to other similarity scores Instead you can calculate the similarity not only against the target topic but also against other topics and then just check that the target topic is the most similar topic or at least one of the top similar This way  The target similarity score may be low as long as its higher than the other topics you can detect the case where another topic happens to have higher similarity than the target topic', 'Im trying to semantically cluster polysemous words or word with different meanings in a corpus for my class study and I want to do it by word embeddings but I have no Idea how to reach to the clustered target that I want a similar target that Im looking for is posted below as an image What I have a corpus What I want clustering of K frequent words with other most related semantically similar words in a corpus considering that these words have multiple senses For example suppose word cell is repeated 5000 times in a corpus here are some sentences There are many organelles in a biological cell  He went to prison cell and we are running out of cell phones in every sentence we are receiving contextually a different meaning from cell respectively blood cell prison and mobilephone So I want to cluster each word for example cell in here with their semantically similar words sometime similar words are synonyms What Ive done preprocessing corpus for finding K frequent words As each meaning of word is contextualized to the correspondent sentence I thought we could compare BERT vectors of those sentences with other sentences but the problem is Bert compare vector to vector and different senses are dependent on their sentence but I dont know how I should correctly locate semantically similar words in sentences that are compared to the first sentence I searched for related papers there was a WordNet that seems to be similar but it is not constructed with word embedding methods Although there are word embeddings like   that can bring us similar words but the context would be ignored and I didnt find anywhere that they can work semantically And at last there was an  ELMo word representations take the entire input sentence into equation for calculating the word embeddings Hence the term cell would have different ELMo vectors under different contexts but it is still categorizing the words by their context and not putting Words that are semantically similar in a category this way I have no Idea how to cluster different meanings by their semantically similar words Plus Ive checked the papers and WSD is not the thing I want maybe clustering seems to be more accurate but still not exact Here is a photo of WordNet with word Search kindda similar to the thing I want you can see each cluster of word search is connected semantically to their similar group Im asking here to get more ideas or maybe my intuitions are all wrong Thanks for your time Any information would be helpful and appreciated Ways to cluster word senses with word embeddings']"
61,166,61_thank_thank much_thanks_explanation,"['thank', 'thank much', 'thanks', 'explanation', 'much', 'sense', 'clear', 'clarification', 'make sense', 'thanks clarification']","['Thank you so much for the clear explanation', 'Thank you very much for the clear explanation', 'Thank you very much for your clear explanation']"
62,164,62_spark_file_data_hadoop,"['spark', 'file', 'data', 'hadoop', 'memory', 'database', 'csv', 'panda', 'storage', 'pyspark']","['I am trying to install a hadoop  spark  hive cluster I am using hadoop 312 spark 245 scala 211 prebuilt with userprovided hadoop and hive 233 also tried 312 with the exact same results All downloaded from their websites I can run spark apps as yarn client with no issues I can run hive queries directly beeline or via pyhive with no issues I tried both hiveonmr and hiveonspark both working fine jobs are created by yarn and executed successfully The only thing I cannot do is access hive tables from spark spark 24x prebuilt with userprovided hadoop is not built with hive so I downloaded from maven the required jars sparkhive hivejdbc hiveservice thrift  and put them in the classpath I have also compiled spark 245 with Phive but with the exact same results as the maven jars access hive directly after all the requires jars are in classpath spark session is created successfully but on calling show on a query I get this error I am trying to access hive as an external catalog with these settings access hive via jdbc Since hivejdbc connector seems to be missing from the prebuilt hive distribution I am downloading the jar from maven After that the query results in all fields being populated with the column names If the table has nonstring defined columns it will give errors about not being able to convert the data since it gets only strings As you can see I am using the option as suggested here  Any ideas whats going on cannot access hive from spark', 'Based on my experience with how finicky CSV can be I strongly suspect an encoding problem A lot of CSV readers simply throwaway the data if they encounter illegal characters or when they cant figure it out I dont know what BigQuery does in that regard but considering their help on loading CSV files its worth a shot to make sure your data is clean and according to how BigQuery wants it before attempting anything else Limitations When you load CSV data from Cloud Storage into BigQuery note the following CSV files do not support nested or repeated data If you use gzip compression BigQuery cannot read the data in parallel Loading compressed CSV data into BigQuery is slower than loading uncompressed data You cannot include both compressed and uncompressed files in the same load job When you load CSV or JSON data values in DATE columns must use the dash  separator and the date must be in the following format YYYYMMDD yearmonthday When you load JSON or CSV data values in TIMESTAMP columns must use a dash  separator for the date portion of the timestamp and the date must be in the following format YYYYMMDD yearmonthday The hhmmss hourminutesecond portion of the timestamp must use a colon  separator CSV encoding BigQuery expects CSV data to be UTF8 encoded If you have CSV files with data encoded in ISO88591 also known as Latin1 format you should explicitly specify the encoding when you load your data so it can be converted to UTF8 Delimiters in CSV files can be any ISO88591 singlebyte character To use a character in the range 128255 you must encode the character as UTF8 BigQuery converts the string to ISO88591 encoding and uses the first byte of the encoded string to split the data in its raw binary state BigQuery expects UTF8 you provide CP1252 CP1252 should in my opinion have died out by now So either it only looks like such or you have a program that doesnt care much about following recent standards those exist I use one of them every day Also make sure your localisation is set correctly Some CSVs are separated by instead of and some locales consider a thousands separator while others see it as decimal separator So please verify whether the locale of your CSV is the same as the locale of your schema Your default location can be set in the bigqueryrc file The schemas location can be set using the command like this Where is the name of your location The flag is optional For example if you are using BigQuery in the Tokyo region you can set the flags value to  You can set a default value for the location using the bigqueryrc file format is or  projectiddatasettablename is your project ID projectiddatasettablename is the dataset that contains the table into which youre loading data projectiddatasettablename is the name of the table into which youre loading data pathtosource is the location of the CSV or JSON data file on your local machine or in Cloud Storage schema is the inline schema definition Example Enter the following command to load data from a local CSV file named into in your default project The schema is manually specified inline More on locations here Both your encoding and locale are suspect based on the details you have provided', 'Hadoop is a framework for the distributed storage and processing of big data on the Hadoop File System HDFS where data is stored in a cluster of nodes and can be set up to be fault tolerant Since data is stored accross multiple nodes it can be processed in parallel and Hadoop uses the MapReduce algorithm for doing so This is basically achieved by each node in the cluster fetching the data it needs from disk performing the neecessary computations which are then aggregated and returned Spark is a distributed processing framework for big data but does not provide storage Consequently it needs to work on top of distributed storage which could be Hadoop Spark is designed as an inmemory engine and is therefore much faster than MapReduce on Hadoop It is also fault tolerant Spark includes a version of SQL which allows for much better querying of the underlying data compared to HadoopMapReduce Since in practice Spark is often still limited by memory availability when the underlying data is too large so there is still some diskbound operations but at least in theory it is capable of 100 inmemory real time analytics This is not possible with Hadoop Both Hadoop and Spark can work with columnar data although Spark is columnar by default and in Hadoop the underlying data is often roworiented such as csv files but can support columnar data such as parquet and ORC Data stored in columnar format is much faster to query Hadoop is designed for large scale batch processing Spark is also designed for batch processing but can also handle streaming and other data flows Both are scalable technologies but Hadoop scales nearly linearly whereas with Spark although it will generally be faster than Hadoop for similar sized data there are limitations based on the memory available in the cluster above which performance will deteriorate much faster than with Hadoop That is with Hadoop speed will decrease approximately linearly as the data size increases With Spark once the memory in the cluster is exceeded relative performance will decline faster than with Hadoop Due to the memory needed in a Spark cluster it will generally cost more to operate than Hadoop in terms of uptime However for smaller datasets the much faster inmemory processing may completely offset the higher cost of compute time Some of the above are purposely general statements there could be edge cases and other situations where they dont apply']"
63,157,63_column_row_table_column name,"['column', 'row', 'table', 'column name', 'name', 'join', 'value', 'want', 'col', 'method step']","['Instead of just setting values for specific rows ie rows where is equal to the feature you are setting the whole column  with the value Given that the last feature of is probably  which has a of 150 based on your logic the final output will have a column filled with only values of 150 There are multiple ways of getting to the output you want 1 you can use with a function containing the logic you want 2 use the method to set values for just the rows you want so just the rows where the column has a specific value in combination with a loop or even better 3 use  to set all values at once without looping over the different features', 'Regarding the difference in the output tables between Method 1 and Method 2 it is most likely due to the WHERE clauses placement In Method 1 you filtered the data to only include the airports used for aerial firefighting in the US before joining the tables while in Method 2 you filtered the data after joining the tables This difference can result in different numbers of records being included in the output table as some records may not meet the WHERE clauses condition Therefore to ensure consistency in the output tables it is best to filter the data before joining the tables as you did in Method 1 This approach ensures that only the relevant data is included in the output table and avoids potential discrepancies', 'I have no knowledge at all about this kind of problem but logically I would say Should I remove the operations where there were no products shown even though some of them there were clicks on productsExample should discard this columns Yes because otherwise you could in theory end up with a rate higher than 1 this wouldnt make sense However this raises the question of what exactly is represented since some clicks can be counted when there is no product it looks like the number of clicks is overestimated in the data since the clicks are supposed to be on products Also note that its the rows which would be removed in this case not the columns My other doubt is wether should I sum the clicks and the products shown and then divide one on other OR should I do the CTR for each operation This issue means that either the data doesnt have the proper format to apply the definition strictly speaking the data should have one row for every product shown and the number of clicks should be either 0 or 1 or that the instructions for applying the CTR formula with this specific data are underspecified I would say that the first option is closer to the original formula since it doesnt require to do a mean over individual rates']"
64,152,64_accuracy_problem_regression_measure,"['accuracy', 'problem', 'regression', 'measure', 'model accuracy', 'get accuracy', 'wrong', 'accuracy test', 'training', 'test']","['I am working on a problem of multiclass classification by MLP I have set to each middle layer Now I observe the training accuracy is around 10 less than the testing accuracy My guess is is active only during training but inactive during testing So part of the neurons are reset at training leading to low accuracy but it is not happening for testing My questions Is my understanding correct In other words if I remove the part will the training accuracy increase but the testing accuracy will remain the same When reporting the MLP accuracy should I report training acuracy or testing accuracy Lower training accuracy than testing accuracy MLPDropout', 'Its actually possible to use accuracy in a regression problem As usual your accuracy score is the number of correct predictions divided by the number of total predictions Unfortunately even a regression model with strong performance would be expected to get each prediction at least a little wrong so the accuracy would be zero but nothing stops you from calculating that Maybe youll get exceptionally lucky and get a few regression predictions perfectly right Lyi hat yi  begincases 0  yi e hat yi  1  yi  hat yi endcases extaccuracyyhat y  dfrac100nsumi1n Lyihat yi  This applies for either regression or classification problems though its utility is rather limited in regression problems Actually accuracy is of limited utility for classification problems too Mean percent error calculates the residual divided by the actual value calculates the average value of these and multiplied by 100 to put the value in terms of percent of the observation  MPEyhat ydfrac100nsumi1n dfrac yihat yi  yi   Setting aside the exact equations accuracy measures the percentage of the time where your model made the correct prediction and MPE measures the average percent from the true observations of your predictions', 'Its a quite complex problem and there might be better options for the design Im thinking maybe something more specific to times series However before that theres a more obvious problem to solve it seems that you are calculating accuracy on the Glucoset numeric value right If yes this is incorrect and that would explain your terrible results Accuracy is an evaluation measure for classification tasks not for regression tasks accuracy simply checks for each instance whether the predicted value which is supposed to be a categorical value is the same as the gold true value and then divides the number of correct cases by the total Naturally its very hard to predict the exact true value in the case of numbers if the true value is 183 but the algorithm predicts 184 then accuracy would count that as incorrect even though its very close That would explain why your accuracy is very low Typical regression evaluation measures are mean absolute error and mean squared errors These measures and their variants are designed to calculate how far the predicted numerical value is from the true value If you use these keep in mind that its an error score so the lower the value the better If you want to use accuracy it would make sense to use it on your event value which is derived from your glucoset prediction I assume in this case you have 3 classes categorical values and I bet the accuracy will be much better Note that accuracy can be biased by class imbalance so dont forget to check the confusion matrix']"
65,150,65_similarity_cosine_cosine similarity_vector,"['similarity', 'cosine', 'cosine similarity', 'vector', 'distance', 'euclidean', 'euclidean distance', 'measure', 'cosine distance', 'magnitude']","['Disclaimer This is actually a tentative explanation it provides a possible answer but it does not contain proof First of all contrary to added comments cosine similarity is not always in the range 01 This range is valid if the vectors contain positive values but if negative values are allowed negative cosine similarity is possible Take for example two vectors like 11 and 11 which should give a cosine similarity of 1 since the two vectors are on the same line but in opposite directions Going back to the question we should ask if its possible to have positive and negative values in vectors and still have only positive cosine similarity values The answer is true it is possible if the embedding vectors are contained into a nappe of a conical surface fixed in origin see Wikipedia Conical surface Basically if you rotate the positive space section you still get positive cosine similarities Why would that happen with paraphrasexlmrmultilingualv1 If you read the paper which describes the model SentenceBERT Sentence Embeddings using Siamese BERTNetworks  ReimersGurevych in the training detail section they explained that they used pooling layers on top of the BERTlike pretrained models to obtain a fixed encoding The pooling layer default model is averaging Supposing in the convolutional layers output vectors you get uniform values in range aa Pooling those output vector values by averaging basically moves the output vectors to be closer together producing smaller angles so towards positive cosine similarity Even pooling by mode max tokens has a similar effect This increases a lot the probability to have resulted embeddings to have only positive similarity even if they allow positive and negative values in resulted embeddings As I said I do not have proof but considering how pooling works and if many convolutions are pooled this is a logical consequence This does not mean that it is not possible to have negative similarities A way to verify this experiment if you have a good quantity of random sentences would be to plot a histogram of their cosine similarity and to visually inspect that you have few values near zero and a monotonic increase of frequencies as we grow towards 1 This again would be just a hint Later edit I have run some experiments myself to address the insights provided by albusc thank you First of all I dont have sentences and anyway I dont use Python so I generated artificial data vectors with random values from a standard normal in a matrix with rows being the instance vectors to be compared via cosine similarity I noticed an interesting phenomena on average the cosine similarity between random vectors have a shorter range of absolute values as the lengths of the vectors increases In the graph above we can see that for small vector sizes the empirical distribution covers the whole range 11 and this range shrinks as vector sizes grows This is important because the role of the pooling layers is to reduce the size of input vectors while retaining important information As a consequence if the pooling is aggressive the range of cosine similarity will increase on average This is what albusc noticed I think I also implemented a 2D pooling layer function over the random sample with average and max pooling What I noticed contrary to my intuition is that averaging does not decrease the range of cosine but keeps it in the same range Due to the previous effect however pooling shrinks vector sizes and increase the range of cosine as a consequence the final effect is that the cosine range is increased In the case of max pooling however the cosine range is shrinked and moved drastically to positive values as can be seen in the below graph In the graph above we can see in the upper left the histogram of cosine similarities on random vectors of size 768 On upper right histogram we have cosine similarities only for vectors of size 384 for comparison I applied a 2d pooling layer with size 2 and slide 2 In the lower left graph we have similarities after max pooling We clearly observe the values moving towards 1 in positive range In the lower right we have similarities after mean pooling We notice the range has increased compared to original upper left but is similar with the range onvectors of same size upper right I did not worked out an analytic explanation for that those are only simulations The normal shape that appears is due to how I generated data in real life it can look different but I expect tendencies to remain the same I have also experimented with different sizes of pooling If the size of the pooling patch increases the effects increases dramatically on max pooling while remaining the same for averaging If the slide of the pooling is lower than the size of the patch the patches overlap a correlation appears between resulted vectors and the cosine range shrinks more due to that correlation for both max and average pooling I think a proper analitycal explanation can be also given and if I will have results and time I will update the answer again but I do not expect to change what we already see in the simulations', 'There are a few reasons to use cosine similarity Metric normalization Cosine similarity is always bounded between  regardless of the magnitude of the vectors involved This makes it easy to compare across similarity measurements Euclidean distance on the other hand is unbounded This can make it difficult to compare different distance measurements Magnitude invariance Cosine similarity is invariant to vector magnitude Similar to metric normalization this makes it easier to compare across similarity measurements This is also useful if your embedding process has systemic factors influencing embedding magnitude For example factors like how often a certain token appears or how long a document is can influence embedding magnitude depending on the embedding method used You can end up with embeddings that represent the same semantic concept with very different magnitudes More broadly you encounter a lot of cases where embeddings of semantically similar documentsimageswhatever have similar direction but different magnitude Cosine similarity can handle these situations while euclidean distance cant Ease of compute If you normalize your embeddings cosine similarity can be computed with a simple dot product This is marginally faster than euclidean distance but it adds up when youre using embeddings at scale Training decisions As you mention if you make the explicit decision to train an embedding model with cosine similarity you then have to use the same metric for A wrong reason When this topic comes up you typically hear something along the lines of euclidean distance suffers from the curse of dimensionality so you use cosine similarity instead The first part is correct but cosine similarity does not solve the problem As an experiment choose a dimensionality  Randomly sample ddimensional pairs of points from a normal distribution Measure the euclidean distance and cosine similarity between the points Repeat for a large number of pairs Compute the variance of the two metrics What you will find is that as increases the variance of both metrics goes to 0 Euclidean distance approaches a constant value while cosine similarity approaches 0 ie everything is orthogonal to everything else Both metrics suffer from the curse of dimensionality issue That said cosine similarity empirically works better with higher dimension embeddings', 'Cosine similarity']"
66,149,66_confidence_interval_confidence interval_uncertainty,"['confidence', 'interval', 'confidence interval', 'uncertainty', 'prediction', 'pi', 'prediction interval', 'ci', 'estimate', 'bootstrapping']","['No that isnt what it means For one thing it is not clear what parameter the confidence interval that you calculated is for In any case some care is needed in the interpretation of frequentist confidence intervals In frequentist statistics a confidence interval is random and the parameter that the interval is for is fixed In the case of a 99 interval this means that if the data were collected again many times and the confidence interval recalculated each time then 99 times out of 100 it would contain the true value of the parameter This is the only technically correct interpretation of the frequentist confidence interval It is often interpreted incorrectly as being an interval that contains the parameter with 99 probability and that appears to be the interpretation that you are using', 'I am researching possible ways to efficiently train models that have to deal with confidence intervals in input data In the example below the feature has expected values of 15 and 21 respectively which correspond to intervals of 11 19 and 13 24 where the lower and upper bounds of the values are given DateTime FeatureLow Feature FeatureHigh 01012024 11 15 19 01022024 13 21 24 Alternatively the confidence intervals may be given like this DateTime Feature FeatureInterval 01012024 15 1119 02012024 21 1324 I want to train a model that would make predictions into the future based on TimeSeries data and spit out features alongside with confidence intervals however I cannot find any resources that might have done anything similar All I find deals with the output data having confidence intervals and not the input data that is being fed into the model This is an example of a dataset on Kaggle that has such data with confidence intervals but there are no connected ipynb notebooks that utilize machine learning models only data analysis is given The only similar question on stackexchange I have been able to find is left unanswered I have researched a bit into Bayesian Neural Networks that deal with probabilistic distributions which appears to be what I need but it doesnt take confidence intervals as inputs either MAIN QUESTION Is there any research on this topic I could further look into I am looking for examples of models that were trained on features with confidence intervals Examples of Confidence Intervals in Input Data', 'Unfortunately the other answer is wrong in its interpretation of frequentist confidence intervals In particular this So you can say under some assumptions that the true value of the estimated hatbeta is within the confidence band with 95 probability There are no assumptions that I can think of that can make this statement true Although I understand that people would like confidence intervals to have this interpretation in fact the correct interpretation is this In a frequentist setting if the experiment were to be repeated under the same conditions many times and the same procedure is used to compute the confidence interval each time then approximately 95 of these confidence intervals will contain the true value of the parameter A few things should be noted A confidence interval is a random quantity For any particular confidence interval for a parameter it either contains the true unknown value of the parameter or it does not Therefore we cannot talk about the probability that the true values lies within the interval ie the assertion made in the other answer that I quoted from above Due to these problems with interpretation it is common when explaining confidence intervals to nontechnical people they are sometimes interpreted as a plausible range for the parameter In case this appears to be merely a philosophical issue see the following rather pathological answer by fblundun over at Cross Validated here What precisely is a confidence interval I would recommend reading that entire thread actually  A related issue is the interpretation of pvalues Many people think that a pvalue is the probability of the null hypothesis mathcalH0 being true given the datamathcalD ie  mathcalPmathcalH0  mathcalD  whereas it is actually the opposite  it is the probability of observing the data or data that are more extreme given that the null hypothesis is true  mathcalPmathcalD  mathcalH0  If we were to adopt a Bayesian approach then the kind of interpretation made in the other answer and the incorrect interpretation of pvalues above would be possible']"
67,144,67_probability_class_prediction_calibration,"['probability', 'class', 'prediction', 'calibration', 'predicted', 'predicted probability', 'model', 'probability class', 'predictproba', 'get']","['I have data in which each events outcome can be described by a probability of a categorical occurrence For example if all of the possible class outcomes are A B C or D suppose in one event 710 people selected category A 210 selected category B and 110 selected C The goal of the model is to predict the probability of each class as close to the observed truth as possible However it is unclear how to determine the proper target Here are the options Ive thought about doing The target becomes the predominant class selected That is in the event described above A1 B0 C0 D0 Additional classescategories are created and then become bins of all possible observed probabilities For example the event above would become A1 when PrA  07 I THINK option 1 is the the best as option 2 would result in a lot of categories and spread However when considering verification of the model output ie Y  A09 B01 C0 D0 for each sample would it not be advantageous to use the actual observed probabilities Are there other options for the target How to determine the correct target for classification probability when the observed samples are probabilities of each class', 'I have a dataset of performance of students in exams which looks like and I would like to build a machine learning model trying to predict who is going to be top of the class ie student with the highest  for any given using and number of hours studied as features In other words the input is and for every student say 1 to n in the class and the output is the probability vector p1  pn where each pi is the probability that student i have the highest score in the class Here is what I have tried the most naive approach is to use regression on and then to determine who will have the highest score in the class The trouble with this approach is that this does not produce the probability of who will most likely to have the highest score in any given class Since this is a ranking problem a natural class of learning models is to use the in or in  Unfortunately the output is a list of as opposed to a list of probabilities which have no natural interpretation in terms of probability One obvious way to get around it is to apply softmax on the relevance score in xgboost but there is no direct meaningful probabilistic interpretation like in energy based models such as RBMs energy function In fact I have tried to do it and the probabilities become very extreme most probability mass concentrates on one student for every class giving a poor test result with high variance Another class of learning models is the classification model like logistic regression decision trees on  However there are two main troubles with this approach First is that treating each student as a training example will not be a good approach since for example there could be two really smart high  and hardworking high  students in the same class and if there are many such students in a lot of classes traditional models like logistic treebased models could struggle with the training To get around the above problem with treating individual student as a training example we can instead treat each class as a training example To do this we flatten our dataset and do a multiclass classification on  the trouble with this approach is that the number of students in each class is different and hence the feature matrix becomes very sparse as the number of students in different classes can be very different Hence logistic model vanilla feedforward neural net tree based model doesnt seem to be natural to these kind of group data either So my question is Is there any natural class of machine learning models to deal with these group data like the dataset I have above Also in this problem I only care about the person who ends up the top of the class or maybe the top 3 so the ranking isnt all that important for example knowing student 4 ranks 11th and student 8 ranks 12th does not matter all that much Thank you so much in advance Most Natural Class of Machine Learning Models for Group Data Race Data', 'What you were told is a worst case scenario With 5 labels 2001 is the lowest possible value that a model would need to choose one class over the other If the probability for each of the 5 classes are almost equal then the probabilities for each would be approximately 20 In this case the model would be having trouble deciding which class is correct About the 30 comment while it seems low keep in mind that the model mainly uses the probability to classify the most likely label calculating a highly accurate probability value is not the first priority Here is a good reference This paper discusses a few of the problems with probability accuracy and mentions some theories on how to improve the accuracy  It mentions see excerpts below how a probability estimation in classification is a complex and difficult problem and that some models can be very accurate at classification but poor at probability estimation and how multiclass models are much more difficult than a binary classification model Excerpt 1 Probability estimation is known to be a quite hard problem especially in comparison to standard classification This comes at no surprise noting that proper probability estimation is a sufficient but not necessary condition for proper classification If the conditional class probabilities 1 are predicted accurately an optimal classification can simply be made by picking the class with highest probability Excerpt 2 More generally the Bayes decision can be taken so as to minimize any loss in expectation On the other hand a correct classification can also be obtained based on less accurate probability estimates In fact the classification will remain correct as long as the estimated probability is highest for the true class Or stated differently an estimation error will remain ineffective unless it changes the result of the arg max operation in 2 This is also the reason for why methods like naive Bayes show competitive performance in classification despite producing relatively inaccurate probability estimates 7 Excerpt 3 Methods like naive Bayes and decision trees are multiclass classifiers and can in principle be used to produce probability estimates in this setting In practice however one often prefers to estimate probabilities in the twoclass setting especially because estimating a single probability of the positive class is much simpler than estimating K  1 probabilities simultaneously Example with probabilities close to 1 printdtreemodelpredictprobaXtest  0 002564103 097435897 0 091666667 008333333 1 0 0  0 002564103 097435897']"
68,143,68_softmax_output_sigmoid_function,"['softmax', 'output', 'sigmoid', 'function', 'probability', 'layer', 'class', 'classification', 'multiclass', 'loss']","['Your model will always give output of Class 0 since you are using softmax activation function and 1 output node for binary classification The output of a Softmax is a vector with probabilities of each possible outcome So the softmax layer should have the same number of nodes as the number of classes You need to change the number of nodes in output layer to 2 and also change ytrain accordingly onehot encoding OR You can keep the number of nodes in output layer as 1 and change the activation function of output layer to sigmoid If the output of your sigmoid output node will be low it will assign Class 0 else Class 1 Softmax is basically an extension of sigmoid You can go through this article for better understanding of the two functions Note For binary classification one output node with sigmoid activation function is preferred as it will update faster due to less number of parameters', 'The short answer is Yes it is easier to train a model using SoftMax for multiclass classification compared to sigmoid and SoftMax generally yields better results lower loss and higher accuracy 1 SoftMax is Designed for Multiclass Classification SoftMax produces a normalised probability distribution across all classes ensuring All outputs are constrained between 0 and 1 The probabilities for all classes sum to 1 This meets the requirements of multiclass classification where each instance belongs to exactly one class Sigmoid by contrast assigns independent probabilities to each class without ensuring mutual exclusivity making it unsuitable for multiclass problems 2 Loss Function Compatibility SoftMax works naturally with the crossentropy loss function the standard for classification tasks Crossentropy measures the distance between the predicted probability distribution from SoftMax and the true distribution onehot encoded labels This compatibility ensures smooth optimisation and convergence Sigmoid when applied independently to each class does not account for relationships between class probabilities Using sigmoid for multiclass classification with crossentropy introduces instability as the loss function does not properly enforce the mutual exclusivity of classes 3 Training Stability SoftMax ensures smoother gradients during optimisation The normalisation step reduces the likelihood of vanishing or exploding gradients It allows the optimiser to update parameters in a way that respects the probabilistic structure of the output space In contrast sigmoids independent probabilities can lead to conflicting gradient signals during training especially in multiclass problems causing slower convergence or unstable training dynamics 4 Empirical Evidence In practice models using SoftMax with crossentropy loss for multiclass classification converge faster and achieve better accuracy compared to models using sigmoid The normalisation and alignment with the problems structure make SoftMax a more effective choice Why Comparing SoftMax and Sigmoid Can Be Misleading While SoftMax generalises the logistic sigmoid to multiclass problems it is not a generalisation of all sigmoidlike functions eg  anh and arctan The comparison between SoftMax and sigmoid often arises because both map inputs to constrained ranges but their purposes differ Sigmoid is primarily suited for Binary classification Multilabel classification independent probabilities for each label SoftMax is specifically designed for multiclass classification mutually exclusive classes Using sigmoid for multiclass classification is a misapplication leading to unstable training and suboptimal results Thus the comparison is somewhat flawed unless the context is clarified Conclusion For multiclass classification SoftMax is the better choice Its probabilistic outputs compatibility with crossentropy loss and stability during training make it the standard activation function for this task Sigmoid while mathematically related is not designed for multiclass problems and will perform poorly in comparison', 'There are 3 possible outputs for y  thus I used Softmax in the final layer  if I was to OHE the output would using something like Sigmoid be more appropriate as the values are bound between 0 and 1 Softmax outputs probabilities that sum to 1 which is appropriate for classification tasks with categorical outputs However an autoencoder AE reconstructs continuousvalued input features Softmax constrains outputs to sum to 1 distorting reconstruction For instance if the input is 51 35 14 02 softmax might output 04 03 02 01 which does not preserve the input values For continuous unbounded inputs a linear activation is often prefered while a sigmoid activation is more suitable for data bounded by 0 and 1 Goodfellow et al 2016 Chapter 14 Altering the smallest change in the layers encoding layer going to 6 instead of 3  causes a major shift in the loss  is this normal In a nutshell  yes Altering the latent layer size can result in changes in loss due to the models capacity to represent the input Reducing the latent space size constrains the model increasing reconstruction error as fewer parameters are available for representation Expanding it increases capacity but risks overfitting without some kind of regularisation This tradeoff between compression and reconstruction reflects the AEs objective of balancing dimensionality reduction and input fidelity Each run of the autoencoder produces a different result  is this normal that it is not deterministic Yes that is normal because neural networks initialise weights randomly Training begins with different initial conditions and the optimiser may find different local minima Glorot  Bengio 2010 Setting a random seed ensures reproducibility for the pseudorandom number generators in NumPy use  and TensorFlow use  Why does the last layer have to be the same size 4 as the input dimension  are we able to force this to allow for an output of 3 for example I know I can read from a latent layer but then I cant fit the model based on that layer In AEs the output layer size should match the input size because the model reconstructs the input features Reducing the output size extracts a compressed representation but does not reconstruct the input To access latent features train the full AE then define a new model using only the encoder layers This approach enables exploration of the compressed representation while preserving reconstruction during training Hinton  Salakhutdinov 2006 Kingma  Welling 2014 Here is an attempt to improve on the code in the OP It replaces softmax with a linear activation uses mean squared error for continuous reconstruction fixes random seeds and extracts the latent representation We are building a fullyconnected overcomplete autoencoder First we define the input layer which needs to accept input data with 4 features matching the dimensionality of the Iris dataset Encoder The first dense layer in the encoder is known as an overcomplete layer because it contains more neurons than the dimensionality of the input data In the OP the input has 4 dimensions but the overcomplete layer expands it to 6 dimensions This additional capacity helps the model to learn more complex relationships and transformations by mapping the input to a higherdimensional space The primary advantage of an overcomplete layer is its ability to improve the networks expressiveness allowing it to capture detailed patterns and dependencies within the input However this increase in capacity comes with a risk of overfitting as the network may learn to memorise details or noise in the data rather than generalising effectively To mitigate this regularisation techniques such as Batch Normalisation dropout or weight decay are typically applied ensuring that the model learns meaningful and stable features In the present example we will use Batch Normalisation Next we introduce some nonlinearity by using the activation to the normalised output Unlike its nonLeaky cousin  introduces a small slope for negative values instead of zero helping to avoid issues like dead neurons which evolve into a state where they always produce the same output because their gradients reach zero The last dense layer in the encoder has fewer neurons 3 in fact which serve to compress the data into a 3dimensional latent space resulting in a reduced representation of the input data hopefully capturing its most salient features It represents the most compact meaningful features of the input Decoder The decoder reconstructs the input data from the latent space This layer has 4 units matching the input dimension The linear activation function outputs a weighted sum of the latent features plus a bias term It applies no nonlinear transformation which makes it suitable for reconstructing continuousvalued inputs without distorting their scale or range We have now created the model architecture by defining how the data flows from the input through the encoder layers to the decoder so the next step is to wrap this architecture into a formal model object specify the optimiser that we will use for training the loss function and metrics in a function rather unhelpfully called compile Here we removed the softmax activation introduced random seeds and used mean squared error to align with the continuous nature of the input Rumelhart et al 1986 The latent space representation is extracted separately after training By aligning the activation function and loss with the input features the autoencoder effectively learns both reconstruction and dimensionality reduction References Glorot X  Bengio Y 2010 Understanding the difficulty of training deep feedforward neural networks In Proceedings of the thirteenth international conference on artificial intelligence and statistics pp 249256 JMLR Workshop and Conference Proceedings Nonpaywalled version is here Goodfellow I Bengio Y  Courville A 2016 Deep Learning MIT Press Available in full online Chapter 14 is particularly useful for this QA Hinton G E  Salakhutdinov R R 2006 Reducing the dimensionality of data with neural networks science 3135786 504507  Rumelhart D E Hinton G E  Williams R J 1986 Learning representations by backpropagating errors nature 3236088 533536  aturebppdf Kingma D P  Welling M 2014 AutoEncoding Variational Bayes Proceedings of the International Conference on Learning Representations ICLR']"
69,142,69_ner_entity_ner model_spacy,"['ner', 'entity', 'ner model', 'spacy', 'named entity', 'named', 'name', 'entity recognition', 'model', 'named entity recognition']","['I am Creating a Custom NER named entity recognition  Model using bi directional LSTM and CRF During Study on Ner i see all example includes Multiple entities per sentence For eample this sentence includes 2 entities jhon lives in Us jhon  SPer  USSCountry Question 1 Can we Create a model using bi lstm crf where we only want to predict 1 entity Question 2 In CRF States of the neighbors affect the current prediction so predicting 1 entity per sentence seems difficult specially with CRF Question 3  if i Cannot achieve this with CRF can I use Bert to train a model having 1 entity per model Thanks In advance How to train Ner Model having 1 entity', 'The BIO format and its variants is a standard format for training a sequence labeling model in particular a Named Entity Recognition NER model Sequence labeling consists in assigning a label to every token in the sequence so at the low level stages of training and predicting the system must deal with the token and its label as well as possibly other features associated with the token There are several possible choices to represent an entity through the labels there must be at least two obviously and it has been proved that adding at least a special for the first token in the entity is beneficial A jsonlike format like the one you present can be used as a simplified output of a NER system typically for applications which only need a list of recognized entities with their type Its usually more convenient to manipulate but it cannot be used directly by the NER system it doesnt even contain the full text its not tokenized and it doesnt have a label for each token But assuming that the full text is also provided this format could also be converted to BIO or some variant but its more work If the goal is to provide a dataset which can be fed immediately to train a NER model then the BIO format is clearly more suitable If the goal is to provide a convenient format for other usages then something like this JSON format is fine its not really a matter of NER', 'This is not how NER works NER is not about recognizing only a fixed set of entities its about detecting any entity in a text For example it should detect an entity in Mr X said  whether X is John Smith or Donald Duck This implies that NER uses clues from the sentence in order to detect entities as opposed to just tagging entities that it knows from training Therefore Is it possible to remove some of the presently existing entities and add new entities to the remaining ones No because the NER model is not a list of entities its a complex model using text features Is it possible to give data like  Technically you can give data like this but its not the way its supposed to work You seem to be interested in matching exactly a set of predefined entities NER is not the right tool for this In this scenario its much simpler to store your entities in a list and apply string matching to the text']"
70,140,70_shap_shap value_value_shapley,"['shap', 'shap value', 'value', 'shapley', 'feature', 'shapley value', 'contribution', 'importance', 'feature importance', 'prediction']","['I recently came across SHAP while looking for featureimportance methods To use SHAP first a model needs to be created and then based on the predictions made by the model SHAP values are calculated If I use a random forest model and then calculate the SHAP values how much is the role of the model accuracy If the model accuracy is not very good 5060 can SHAP values be considered reliable Or if the model accuracy is good 90 why SHAP is used if random forest can provide me the feature importance Could someone explain the role of model accuracy while considering SHAP for determining feature importance Feature importance using random forest vs SHAP', 'Ill try to answer in parts On SHAP values being linear SHAP values are calculated based on the marginal contribution of a given feature to the prediction considering all possible combinations of features Therefore if you have combined features such as X1  X2 in your dataset their contributions cant necessarily be easily separated so you cant really state that SHAPX1  SHAPX1  X2  SHAPX2 Stating that SHAPX1  SHAPX1  X2  SHAPX2 wouldnt be mathematically sound as it oversimplifies the interdependencies between features On complex features such as X1SQRTX1  X2  X3 This kind of complex feature makes the SHAP values harder to interpret indeed The value would be influenced by the features interactions with other features and how these affect the output of the model Compared to singular independent features it would indeed be a lot harder to interpret the SHAP value and you might be better off using a different approach to try to interpret a models predictions and the features contributions On how accurate would the SHAP values be Ultimately it will depend on the model complexity and nature of your data For simpler models and features that are not very correlated like your initial example of X1 X2 and X1X2 SHAP can be a good tool to provide intuitive and reliable explanations for the predictions The more complex the model becomes and the more complex the relationship between features or the more correlated they are the less clear the explanations provided by SHAP will be and they might not be a good idea Conclusion Whatever you are using SHAP included make sure you understand how it applies to your specific case use more than one approach and evaluate it in context SHAP values provide a local explanation contained to individual predictions rather than a global understanding of feature importance in your model and the more complex the model and the feature interdependencies become the less reliable they are and the trickier they will be to interpret And performing direct arithmetic operations on the SHAP values even when the relationship between features is purely linear will lead to oversimplified interpretations which can also be quite misleading', 'Say I have a dataset with three features X1 X2 and X1  X2 How would I determine the SHAP values for just singular features Ill denote I denote the SHAP value of say X1 as SHAPX1 Would it be correct in saying that the true SHAP value of X1 is SHAPX1  X2  SHAPX2 due to SHAP values being linear Is this mathematically sound What about for more complicated features like X1SQRTX1  X2  X3 If I train a model on this dataset then how accurate would these SHAP values even be Determining SHAP values for combined features']"
71,137,71_prediction_predict_predicted_trying predict,"['prediction', 'predict', 'predicted', 'trying predict', 'predicted value', 'predictor', 'trying', 'predictproba', 'value', 'mean']","['uppose I have a matrix and a dependent vector whose entries are each in 01 dependent on the corresponding row of Given this dataset Id like to learn a model so that given some other dataset  I could predict average of the dependentvariable vector  Note that Im only interested in the response on the aggregate level of the entire dataset One way of doing so would be to train a calibrated binary classifier  apply it to  and average the predictions However the first step addresses a more difficult problem  predicting each of the dependent variables  which Im basically just reducing to their average Im wondering if there is an alternative way that is somehow better eg less prone to overfitting or a theoretical explanation why there is no such alternative Learning the Average of a 01 Dependent Variable', 'Okay so lets say I need to predict if my friend likes to watch MotoGP or notHeshe decides on factors like weather condition of the day track location etc if heshe would like to watch the raceNow I have been keeping the record of the days and location on which days heshe watched the race but my another friend came and messed up the record by marking few days when heshe did not go to watch race because it was rainy and race was in Silver stone So my friend actually doesnt like to watch race on these days but since data says heshe does its rather noisy data', 'Using WeibullAFTFitterpredictmedian I still get the predicted values lower than observed lengths even with conditionalafter set to True Is it desirable behaviour of the function or Im setting something incorrectly Also could you elaborate what you mean by expected values talking about expected vs predicted I have plotted observed censored values vs predicted and my concern is that predicted values are lower than observed ones  how this can be due to truncation rather than bad prediction I wouldnt worry if predicted value would be larger Thank you for your input']"
72,129,72_regularization_l_l regularization_weight,"['regularization', 'l', 'l regularization', 'weight', 'w', 'loss', 'penalty', 'wprime', 'lambda', 'parameter']","['I have seen at different places saying that l1 regularization penalizes weights more than l2 But the derivative of l1 norm is lambda and l2 norm is 2lambdaw So l1 regularization subtracts smaller value than l2 Then why is it called that l1 penalizes weights more than l2 Or is it incorrect to say it like this difference in l1 and l2 regularization', 'That is generally not true to be more accurate we can say that L1 promotes sparsity if a weight is larger than 1 then L2 cares more about it than L1 while if a weight is less than 1 then L1 cares more about it than L2 For a quick example imagine two weights w1  15 and w2  002 lets imagine that the model considers reducing both of those weights by a small number epsilon0001 for the sake of simplicity reducing either weight by epsilon increases the modelerror part of the loss at the same rate Now lets calculate how much the loss changes for both weights under both regularization terms For w1 and L1 Delta L1514999  0001  Loss decreased by 0001 For w1 and L2 Delta L152149992  0029999  Loss decreased by 0029999 We can see that for w1 the loss decreases about 28 times more for L2 compared to L1 So L2 regularizes the weights more in this case ie L2 is willing to sacrifice more model complexity to regularize this weight more For w2 and L1 Delta L0020019  0001  Loss decreased by 0001 For w2 and L2 Delta L002200192  0000039  Loss decreased by 0000039 We can see that for w2 the loss decreases about 24 times more for L1 So for smaller weights L1 is willing to sacrifice more model expressiveness just to reduce the weights while L2 barely pays any attention compared to L1 to weights close to 0 Its possible that in practice you perceive L1 regularizes weights more than L2 becauses when you perform L1 regularization you notice a lot of the weights tend to be exactly 0 while in L2 almost no weights are exactly 0 so you might tend to think that L1 is stronger but that just comes from the point we notices above where L2 barely pays any attention to weights close to 0 while L1 still sees a benefit of epsilon no matter how small the weight was before the epsilon change and thus it promotes sparsity There are a lot of practical and theoretical differences between L1 and L2 regularization too many to list here For example one practical difference is that L1 can be a form of feature elimination in linear regression A theoretical difference is how L2 regularization comes from the MAP of a Normal Distributed prior while the L1 comes from a Laplacean prior EDIT I just reread your post and yes looking at the derivatives you should also get the same insight For w1 Rightarrow wlambda  lambda thus L2 regularizes large weights more while for w1 Rightarrow wlambda  lambda thus L1 regularizes small weights more', 'Regularization']"
73,127,73_ocr_invoice_text_image,"['ocr', 'invoice', 'text', 'image', 'document', 'recognition', 'receipt', 'extract', 'handwritten', 'digit']","['I need assistance with a ML project I am currently trying to create I receive a lot of invoices from a lot of different suppliers  all in their own unique layout I need to extract 3 key elements from the invoices These 3 elements are all located in a tableline items for all the invoices The 3 elements are 1 Tariff number digit 2 Quantity always a digit 3 Total line amount monetary value Please refer to below screenshot where I have marked these field on a sample invoice I started this project with a template approach based on regular expressions This however was not scaleable at all and I ended up with tons of different rules I am hoping that machine learning can help me here  or maybe a hybrid solution The common denominator In all of my invoices despite of the different layouts each line item will always consist of one tariff number This tariff number is always 8 digits and is always formatted in one the ways like below xxxxxxxx xxxxxxxx xxxxxxxx Where x is a digit from 0  9 Further as you can see on the invoice there is both a Unit Price and a Total Amount per line The amount I will need is always the highest for each line The output For each invoice like the one above I need the output for each line This could for example be something like this Where to go from here I am not sure of what I am looking to do falls under machine learning and if so under which category Is it computer vision NLP Named Entity Recognition My initial thought was to Convert the invoice to text The invoices are all in textable PDFs so I can use something like to get the exact textual values Create custom named entities for  and Export the found entities However I feel like I might be missing something Can anyone assist me in the right direction Information Extraction from image  text  approach', 'Clarifying the Distinction between OCR and ICR TLDR In think the term Intelligent Character Recognition ICR mostly serves as a marketing term rather than representing a distinct academically recognised subfield separate from Optical Character Recognition OCR Validity and Terminology Optical Character Recognition OCR encompasses technologies that convert images of printed and handwritten text into machinereadable formats Within this domain Intelligent Character Recognition ICR often refers to advanced OCR techniques particularly those involving handwriting recognition The term ICR is frequently used in commercial contexts to highlight systems capable of interpreting diverse handwriting styles For instance Carbune et al 2020 describe ICR as the task of deciphering digitised handwritten text noting its increased complexity compared to OCR due to the variability in handwriting Academic Perspective In academic discourse OCR methodologies are typically categorised based on input modalities rather than marketing terminology The primary distinctions are Online Handwriting Recognition This involves the realtime interpretation of handwriting as it is written typically using a stylus or touchscreen This method captures dynamic data streams that include not only the spatial coordinates of the pen but also temporal features such as stroke sequence direction speed and sometimes pressure or tilt These temporal features provide additional discriminative power enabling higher accuracy especially for cursive or ambiguous handwriting styles Offline Handwriting Recognition This refers to the analysis of handwriting captured as static images typically scanned from paper documents or photographs Since the input is a twodimensional bitmap without temporal information the recognition process relies solely on the spatial features of the handwriting such as character shapes contours pixel density and contextual elements This task is generally considered more challenging due to the absence of information about the writing process eg stroke order or direction References Carbune V Gonnet P Deselaers T Rowley H A Daryin A Calvo M   Keysers D 2020 Fully convolutional networks for handwriting recognition arXiv preprint arXiv190704888  IEEE nd IEEE Transactions on Pattern Analysis and Machine Intelligence TPAMI Retrieved March 24 2025 from  International Conference on Document Analysis and Recognition nd ICDAR 2024 Retrieved March 24 2025 from  International Journal on Document Analysis and Recognition IJDAR nd Springer Retrieved March 24 2025 from  Pattern Recognition Journal nd Elsevier Retrieved March 24 2025 from', 'First of all I am fairly new to the ML world I have researched quite a lot on the different use cases that ML have both in regards to working with text and images I am trying to build a pipeline that can extract a few data points from various supplier invoices Invoice number Line items that resides in tables For each line item I would need quantity and line amount  My first thought was to just use a classic OCR parsing tool such as DocParser which is basically a templatebased OCR parsing tool where you can create parsing rules for each different type of invoice layout However I took a look at my suppliers and I have a lot of different layouts with new ones being added regularly I was thinking if ML can be used to accomplish this task My idea for a pipeline All supplier invoices are converted from PDF to an image file jpg and then resized so all have the same width and height Train a custom model to extract invoice number using named entity recognization NER Train a custom computer vision model to identify tables that contain line items product information For each table found extract that as an image and train another model to identify the entities that I need for each line quantity and line amount I am not sure if this is a good approach to this problem Does it make sense to ultimately end off with three models to extract the information that I need Is there an easier way to detect the quantity and line amount than by first locating the table on the PDF file Does anyone have any experience with a similar process Extraction information from PDF files using ML Invoice number line items in table']"
74,125,74_lasso_ridge_regression_lambda,"['lasso', 'ridge', 'regression', 'lambda', 'coefficient', 'penalty', 'ridge regression', 'lasso regression', 'zero', 'elastic']","['When we implement penalized regression models we are saying that we are going to add a penalty to the sum of the squared errors Recall that the sum of squared errors is the following and that we are trying to minimize this value with Least Squares Regression SSE  sumi1nyihatyi2 When the model overfits or there is collinearity present the estimates for the coefficients for our least squares model may be higher than they should be How do we fix this We use regularization What this means is that we add a penalty to the sum of squared errors thereby limiting how large the parameter estimates can get For Ridge Regression this looks like this SSEL2 norm  sumi1nyihatyi2  lambda sumj1Pbetaj2 Notice what is different with this model Here we add a L2 regularization penalty to the end of the SSE What this does is add the multiplication of lambda by the square of the parameter estimations as a penalty to the SSE This limits how large the parameter estimates can get As you increase the shrinkage parameter lambda the parameter estimates are shrunk more towards zero What is important to note with Ridge Regression is that this model shrinks the values towards zero but not to zero You may also use the LASSO Regression technique as shown below SSEL1 norm  sumi1nyihatyi2  lambda sumj1P lvertbetaj2 vert Notice here that the change by adding the L1 penalty is very similar However this difference here is that we are now penalizing the absolute value of the coefficients This allows shrinkage to zero and can be considered a form of feature selection In either case both methods penalize model complexity and are parsimonious Two things to note In answer to your question no lambda cannot be negative Why This would make no sense lambda is multiplied by either the L2 or L1 norm to add a penalty to the SSE If instead you had a negative lambda you would actually be rewarding the models complexity not penalizing it When you have a value of lambda  0 you have no penalty and just have regular least squares regression', 'I develop price prediction data model using multiple linear regression ridge lasso and elastic net regression initially I had 215 variables after creating models I ran a python code to check how many variables have used in final models this is python code which i use for the detect number of variables in ridge regression This is a out put which I got Ridge Regression Selected 209 Variables and Neglected 6 Variables above code ran for all other modeling methods separably then Multiple regression 212 variables selected Ridge 209 variables selected Lasso 68 variables selected and Elastic net regression 77 variables selected my question is according to my knowledge lasso and elastic net regression already use variables selection method because of that number of selected variables reduced up to 68 and 77 but how multiple linear regression neglect 3 variables and ridge regression reduce 6 variables that mean multiple and ridge regression also use variable selection method in their code please someone explain these scenario variables selection in regression models', 'Welcome to DSSE hihkam  So how can I decide on the search range What is the best practice Please provide me with some guidance Good questions  Choosing the Optimal Lambda in LASSO Using CrossValidation The objective of crossvalidation in LASSO regression is to select the optimal regularisation parameter lambda which determines the extent of penalisation on the regression coefficients This helps to ensure that a balance between model complexity and predictive accuracy helping to prevent overfitting while maintaining interpretability 1 Understanding LASSO Regression LASSO regression augments ordinary least squares with an ell1 penalty defined as  extMinimise  frac12n sumi1n yi  mathbfxi op boldsymbolbeta2  lambda sumj1p betaj  Where n Number of observations p Number of predictors yi Response variable for observation i mathbfxi Predictor vector for observation i boldsymbolbeta Vector of regression coefficients lambda Regularisation parameter controlling the penalty strength As lambda increases more coefficients shrink to zero effectively performing variable selection and enhancing model interpretability 2 Selecting Optimal Lambda with CrossValidation a Generate a Range of Lambda Values Create a grid of lambda values typically on a logarithmic scale eg 104 to 102 to explore varying levels of penalisation b Perform kFold CrossValidation Divide the data into k folds For each lambda iteratively Fit the LASSO model on k1 folds Compute validation error eg mean squared error on the remaining fold c Aggregate Validation Errors Compute the mean validation error across the k folds for each lambda providing a robust estimate of model performance d Choose Optimal Lambda Select the lambda minimising the average validation error Alternatively use the 1standard error rule selecting the simplest model largest lambda within one standard error of the minimum error This approach enhances interpretability by favouring more parsimonious models 3 Implementation in Python Example Using 4 Key Considerations a Standardise Predictors Predictors must be standardised mean 0 variance 1 as LASSO is sensitive to variable scales Without standardisation coefficients may be penalised disproportionately leading to suboptimal model selection b Model Validation Crossvalidation provides an unbiased estimate of model performance However it is essential to evaluate the final model on an independent test set to confirm its generalisability c Multicollinearity LASSO is effective at handling multicollinearity by selecting a single variable from a group of highly correlated predictors This makes it particularly suitable for datasets with collinear features d 1Standard Error Rule The 1standard error rule enhances interpretability by selecting the simplest model largest lambda within one standard error of the minimum crossvalidation error This avoids overfitting while maintaining predictive performance 5 Common Pitfalls Insufficient CrossValidation Folds Using too few folds eg k  3 may produce high variance in performance estimates It is recommended to use k  5 or k  10 for more reliable results Default Parameter Reliance Blindly relying on default lambda ranges may result in suboptimal models Instead tailor the range of lambda values to the datasets scale and complexity Ignoring Simplicity Failing to apply the 1standard error rule can lead to overly complex models that risk overfitting and reduced interpretability 6 Further related Topics Elastic Net Elastic Net is an extension of LASSO that combines ell1 and ell2 regularisation addressing scenarios where LASSOs variable selection is overly aggressive Its objective function is  extMinimise  frac12n sumi1n yi  mathbfxi op boldsymbolbeta2  lambda left alpha sumj1p betaj  frac1alpha2 sumj1p betaj2 ight  Here alpha Controls the tradeoff between LASSO ell1 and Ridge ell2 penalties lambda Overall regularisation parameter Elastic Net is especially useful in highdimensional datasets where groups of correlated variables need to be selected together Stability Selection Stability selection improves the robustness of variable selection by repeatedly resampling data subsets and identifying predictors consistently chosen across models This is effective for highdimensional datasets with noisy predictors Conclusion Crossvalidation is a very important tool for selecting the regularisation parameter lambda in LASSO regression By balancing model complexity and predictive performance it helps to ensure that models generalise effectively to unseen data While libraries like simplify implementation understanding the principles behind LASSO and related methods like Elastic Net can help avoid common pitfalls and refine the model selection process References Tibshirani R 1996 Regression shrinkage and selection via the lasso Journal of the Royal Statistical Society Series B Statistical Methodology 581 267288  Meinshausen N  Bhlmann P 2010 Stability selection Journal of the Royal Statistical Society Series B Statistical Methodology 724 417473']"
75,124,75_language_question_answer_essay,"['language', 'question', 'answer', 'essay', 'text', 'translation', 'model', 'questionanswer', 'language model', 'question answering']","['No it does not make sense to do this You model has learned how to map one input space to another that is to say it is itself function approximation and will likely not know what to for the unseen data By not performing the same scaling on the test data you are introducing systematic errors in the model This was pointed out in the comments by nanoman  see that comment for a simple transformation example To exaggerate the point imagine you have a language model translating text from English to French You apply a single transformation on your English data you first translate it to Spanish Now the model is trained to translate Spanish to French with some accuracy Now you move on to the test data  still in English  and you do not apply the same transformation as you did to your training data You are asking the model to translate directly from English to French instead of Spanish to French and it is obvious that the results wont be good In principal this idea is the same as with any other model and transformations just that the impact might not always be so visible ie you might get really lucky and not notice a large impact The language model might have learnt some elementary linguistics common to all three languages eg overlapping vocabulary or sentence structuring but we cannot expect the model to perform well translating English to French Practical Note You should only compute the transformation statistics eg mean and variance for normalisation only on training data and use these values to then transform the training data itself and then the same values to transform the test data Including the test dataset in the transform computation will allow information to flow from the test data to the train data and therefore to the model that learns from it thus allowing the model to cheat introducing a bias Also it is important not to confuse transformations with augmentations Some transformations might be used to synthetically create more training data but dont have to be used at test time For example in computer vision deleting regions of an image Test time augmentation is something you could read about Extra discussion More complicated models ones with many many more parameters might be able to perform some kind of interpolation especially if your dataset if Ndimensions with a large N eg  10 This has recently been seen with extremely large models such as Open AIs GPT3 which has 175 BILLION parameters and is therefore even able to perform quite well on completely different tasks let alone the given problem in the training set range', 'Check the steps at the Huggingface beginners guide Question Answering with SQuAD 20 to begin with a normal question answering model Have some look at the Finetuning guide at OpenAI as well which tells you not to finetune at all if you have not tried prompt engineering If you have more than one question you have to train with a json with the right tree if you have answers you can put them there like the questions with id 1 Now that is the pattern for just one document and you can put other nodes in there like sources metadata it is up to you how you name them and how you preprocess that wiki site and put the nodes in this nested tree like above If you take just that one wiki page you have just one document that you want to ask questions to but you might want to ask questions on chosen chapters only or to other websites then you need to put a parent node to the given example and the model will understand this You can ask open questions then you just do not put any answers in the json Or you know the answers and want to train the chat bot that the known answers are the output then train the Question Answering model with questionanswer pairs instead Thus you should put the full context of Wikipedia there one time not for each question that will make the output much better You can then put many questions against it decide for each question whether it should learn an answer and train the model as in the guide Mind that asking questions without training the answers will only cut text from the context as an answer There is no freespeech answer from that If you want freespeech answers you should check Which techstack and IDE are good to set up a RAG model Retrievalaugmented generation models jointly finetune DPR and sequencetosequence models I have not done the RAG model myself and I also do not know when the Question Answering model will begin to generalize on unknown questions if you make a large input of questionanswer pairs instead Here are the Example count recommendations of the OpenAI site To finetune a model you are required to provide at least 10 examples We typically see clear improvements from finetuning on 50 to 100 training examples with gpt35turbo but the right number varies greatly based on the exact use case We recommend starting with 50 wellcrafted demonstrations and seeing if the model shows signs of improvement after finetuning In some cases that may be sufficient but even if the model is not yet production quality clear improvements are a good sign that providing more data will continue to improve the model No improvement suggests that you may need to rethink how to set up the task for the model or restructure the data before scaling beyond a limited example set Most of what I write is from the Huggingface guides and the questions on Stack Exchange and some chats with ChatGPT 35 Academic paper on the needed counts for finetuning questionanswering models See GenAI SE How do I teach a large language model new knowledge which links to the LIMA Less Is More for Alignment paper If I read that summary right this paper shows that it is easy to finetune the big model further with your own small dataset Since in that 52023 paper they finetuned with the standard supervised loss on only 1000 carefully curated prompts and responses  LIMA demonstrates remarkably strong performance learning to follow specific response formats from only a handful of examples in the training data including complex queries that range from planning trip itineraries to speculating about alternate history Moreover the model tends to generalize well to unseen tasks that did not appear in the training data In other words and I am still hoping that I read it right finetuning with a Question Answering model can work very well with a sample of 1000 questions and answers With such a count it can even generalize from the input answers and answer other untrained questions That would mean that 50 to 100 pairs can generalize but 1000 pairs will build a very good generalizing model That is a lot but on the other hand it can be done Natural generalizability This altogether sounds like the generalizability of empirical statistics as such There you also make the biggest step if you ask 100 people or have whatever count of 100 in sociology or nature The rest will only make a small step further', 'Aim I want to finetune a text generation model with essays of changing size and then ask each of these input texts a few questions I already have a wider range of questionanswer pairs at hand for each essay which should be enough to make a first prototype Yet my aim is not to get the answers that I fed during training This is not to build a chat for a bank client who may need such a clear and learnt answer This is more about a free speech opinion judgement understanding that I myself might have missed while I read the text Example do I need 50 models to get answers for each essay Thus if I have 50 essays and each of them has 5 questions with 5 answers during training I cannot just train all of them with all questionanswer pairs If I ask one essay a question I do not want to get the answer that it already knows I want to get a new answer as if the model had never seen the answer during training I can train the model with all essays but not with all questionanswer pairs I have to train the model with all questionanswer pairs but the one that I want to ask questions to for which I can feed the model only with the questions and not with the answers Only then I get free answers to those questions while it still generalizes from all the 49 other answers of the dataset If the answers were known during training it would just give me the answers that it knows from training My aim is to get new answers from a model that does not know the answers but tries to find them from the given essay and the generalization of 49 other essays and their questionanswer pairs Essay 1 Question 1 of 5 What is the plot of the main person Answer Santa Claus is stressed and tries to skip Christmas By chance he brings the world the most comfortable Christmas ever Essay 2 Question 1 of 5 What is the plot of the main person Answer Frank Franklin is a wildlife activist who gets almost shot by a jungle company but survives and fights back Essay 3 Question 1 of 5 What is the historical background of the story Answer The story plays in the 19th century during the upcoming industrialization when there was a boom that made some people rich in a short time through the first stocks markets and speculation Essay 4  Essay 50  Now When I train with essay 1 to 50 and I take essay 2 and want to get answers in free speech I should train essay 1 and essay 3  50 with questionanswer pairs while I would take essay 2 only with the 5 questions without the 5 answers so that they will be open answers if I ask Essay 1 Question 1 of 5 What is the plot of the main person Answer Santa Claus is stressed and tries to skip Christmas By chance he brings the world the most comfortable Christmas ever Essay 2 Question 1 of 5 What is the plot of the main person NO ANSWER HERE so that the model will answer it during finetuning Essay 3 Question 1 of 5 What is the historical background of the story Answer The story plays in the 19th century during the upcoming industrialization when there was a boom that made some people rich in a short time through the first stocks markets and speculation Essay 4  Essay 50  But I wonder whether there is a way to train just one model that can answer everything in free speech and as if it had not seen its own answers but only the answers of all other essays questions If I trained the whole model again with the rest of the essays with all questionanswer pairs and if I did not give the answers to the one essay that I want to ask questions to then I would have to train the finetuning model each time I change the essay which is quite a waste of energy and machine time Tweaking the text generation model I tried a text generation model germangpt2 and fed it with just one chosen essay and its 5 questions This very small finetuning model had bad answers trained without the answers One essay is clearly not enough to have a generalizing text generation model I made the same text generation model but then without the questions and when I then asked it to write text after the prompt the new text was not good enough mostly too abstract or too far away from the essay and a bit weird Should I add as argument of the and also end of sentence EOS tokens in the input text as well Would that make the model any better Does the model give better answers when there are padding PAD tokens as argument of the  Which other tweaks and tricks should give better answers What could help the most to get a better text generation Up to now the text output of the text generation model is not good Finetuning code with just one file as the text input I train the text generation model with the code that you find at How can you get a Huggingface finetuning model with the Trainer class from your own text where you can set the arguments for truncation and padding And here begins the finetuning with the transformer PyTorch Trainer class that seems to be first choice on Huggingface see Train with PyTorch Trainer Question How do I get a good answer at best in free speech to a question about an essay with the generalized knowledge of all other essays and their questionanswer pairs but without the knowledge of the answers of that chosen essay How should I set up the training or model if I want to get answers for each essay but always with the training knowledge of the whole input of all essays and all questionanswer pairs but without the answers of the chosen essay that I want to ask questions about and only within the boundaries of that chosen essay Do I have to train 50 models if I have 50 essays Other models There might be better models to reach this aim I read of RetrievalAugmented Generation RAG models at How does finetuning work in question answering for custom documents But that question is already asked so I do not want to make a duplicate here I also tried a Question Answering model but it answers with cut text from the essay thus not in free speech at least if I train it with just one essay It might generalize better with more input But such a question is already asked at Finetuning a pretrained LLM for questionanswering and I do not want to make a duplicate here Getting a free and unknown answer to a question against a finetuned text generation model trained on many essays and their few questions and answers']"
76,123,76_xtrain_ytrain_xtest_ytest,"['xtrain', 'ytrain', 'xtest', 'ytest', 'xtrain xtest', 'xtrain ytrain', 'shape', 'projection', 'random projection', 'xtest ytest']","['Oxbowerce The shapes are xtrain 1772 3 1  ytrain 1772 2 32  xtest 444 3 1  ytest 444 3 1', 'The answer to your questions is simply  that is how training works  The training set is a matrix in which the last column correspond to the labels and the rest correspond to the samples When slicing the matrix you have two parts the first one concerns the rows the second one concerns the columns ROWS means in fact the first 80 rows  this concerns the training set xtrain ytrain means the last 20 rows  concerns the test set xtest and ytest COLUMNS mean all but the last column  concerns xtrain and xtest mean just the last column  concerns ytrain and ytest Therefore here you get for xtrain and xtest everything but the last value Be careful in fact you get 80 of the data is for xtrain  and 20 is for xtest  Now for the labels you get only the last column and 80 of the rows are for ytrain while 20 of the rows are for ytest One more detail your xtrain and ytrain is a 5D array according to the documentation', 'Binary Random Projection of Features Samples Creating a binary random projection that will be used in a kNN Hanning function for hamming distances on nearest neighbors that will be processed by computing the bin count of the ytrain Prior to this kNN hanning function is necessary to define binary random projection for the Xtrain and xtest Specifications for the binary random projection Specification for this is to ensure that this binary random projection computes the structure of features and number of samples that is representative as samples in Xtrain 255112 features255 samples112 to the samples as contained in the ytrain112 labels The custom code for createrandomprojectionmatrix and binaryrandomprojection appears to be structural fit for generating a Ybinary random projection matrix from the Xtrain samples As Xtrain samples will be used to apply these projections to my projections in Xtrain to obtain a suitable Ybinary Key to this is the that the Ybinary properly process the computing scipyspatialdistancecdist distances on the Xtrain features255samples112 for ytrain features112 Error in processing binary projection The issue may in fact be related more to the mismatch between the expected dimensions of the output and the indexing problem via computed distances in scipyspatialdistancecdist and encounter later in the kNNhamming function as an error This error resulted in kNNhamming after the scipyspatialdistancecdist IndexError index 117 is out of bounds for axis 0 with size 112 Effort needed for binary project solution To ensure that the binary random projection computes the structure of features and number of samples to corresponds to features255 samples112 for Xtrain255112 and features255 samples28 for xtest 25528 These must to align with computing how to apply the random projection and understanding the resultant shapes to have ytrain 112 properly in the kNNhamming function for the distance measurement of nearest neighbor After the Xtrain and xtest binary random projection for the Ybinary need to know how to set Ybinary to have the shape to match the Xtrain255112 samples112 After projection Ybinary will have the same shape of samples112 as Xtrain since the binary projection is onto the space with 255 feature dimensions Binary project problem in kNNHanning fuction IndexError index 117 is out of bounds for axis 0 with size 112 Clearly the 117 is referring to the Xtrain features dimension which is 255 and which 117 would be in range but this is clear that the logic of distances  scipyspatialdistancecdistXtestbinary Xtrainbinary metrichamming is creating a distance on features 255 rather than samples 112 Question So if the binary projection of Xtrain is projected to match with Ytrain number of samples 112 not on features 255 then how would the scipyspatialdistancecdist be applied to create distance on samples and not features as it appears to be currently doing Shape of matrix in problem space Effort code samples Here is my effort to create random projection matrix and the Ybinary The main drive code for the binary projection etc When this code executes the following shape of matrix in problem space is Sample data Xtrain ytrain How set binary random projection to features numsamples for Xtrain xtest ytrain to match knn distances L dimension']"
77,122,77_xzlmmuctestiswtadultscrosslinkrepreptrpfrtrimmedgzxrrnaxhairpinmmvuniquejxnbedssensehybridutrupendpnldcrepbed_xzlmmuctestiswtadultscrosslinkrepreptrpfrtrimmedgzxrrnaxhairpinmmvuniquejxnbedrpfsensehybridutrupendpnldcrepbed_question xzlmmuctestiswtadultscrosslinkrepreptrpftrimmedgzxrrnaxhairpinmmvuniquejxnbedssensehybridutrupendpnldcrepbed_xzlmmuctestiswtadultscrosslinkrepreptrpftrimmedgzxrrnaxhairpinmmvuniquejxnbedrpfsensehybridutrupendpnldcrepbed,"['xzlmmuctestiswtadultscrosslinkrepreptrpfrtrimmedgzxrrnaxhairpinmmvuniquejxnbedssensehybridutrupendpnldcrepbed', 'xzlmmuctestiswtadultscrosslinkrepreptrpfrtrimmedgzxrrnaxhairpinmmvuniquejxnbedrpfsensehybridutrupendpnldcrepbed', 'question xzlmmuctestiswtadultscrosslinkrepreptrpftrimmedgzxrrnaxhairpinmmvuniquejxnbedssensehybridutrupendpnldcrepbed', 'xzlmmuctestiswtadultscrosslinkrepreptrpftrimmedgzxrrnaxhairpinmmvuniquejxnbedrpfsensehybridutrupendpnldcrepbed', 'xzlmmuctestiswtadultscrosslinkrepreptrpfrtrimmedgzxrrnaxhairpinmmvuniquejxnbedssensehybridutrupendpnldcrepbed xzlmmuctestiswtadultscrosslinkrepreptrpftrimmedgzxrrnaxhairpinmmvuniquejxnbedrpfsensehybridutrupendpnldcrepbed', 'xzlmmuctestiswtadultscrosslinkrepreptrpfrtrimmedgzxrrnaxhairpinmmvuniquejxnbedssensehybridutrupendpnldcrepbed xzlmmuctestiswtadultscrosslinkrepreptrpfrtrimmedgzxrrnaxhairpinmmvuniquejxnbedssensehybridutrupendpnldcrepbed xzlmmuctestiswtadultscrosslinkrepreptrpftrimmedgzxrrnaxhairpinmmvuniquejxnbedrpfsensehybridutrupendpnldcrepbed', 'xzlmmuctestiswtadultscrosslinkrepreptrpfrtrimmedgzxrrnaxhairpinmmvuniquejxnbedssensehybridutrupendpnldcrepbed xzlmmuctestiswtadultscrosslinkrepreptrpfrtrimmedgzxrrnaxhairpinmmvuniquejxnbedssensehybridutrupendpnldcrepbed', 'xzlmmuctestiswtadultscrosslinkrepreptrpfrtrimmedgzxrrnaxhairpinmmvuniquejxnbedrpfsensehybridutrupendpnldcrepbed xzlmmuctestiswtadultscrosslinkrepreptrpfrtrimmedgzxrrnaxhairpinmmvuniquejxnbedrpfsensehybridutrupendpnldcrepbed', 'question xzlmmuctestiswtadultscrosslinkrepreptrpftrimmedgzxrrnaxhairpinmmvuniquejxnbedssensehybridutrupendpnldcrepbed xzlmmuctestiswtadultscrosslinkrepreptrpfrtrimmedgzxrrnaxhairpinmmvuniquejxnbedssensehybridutrupendpnldcrepbed', 'xzlmmuctestiswtadultscrosslinkrepreptrpftrimmedgzxrrnaxhairpinmmvuniquejxnbedrpfsensehybridutrupendpnldcrepbed xzlmmuctestiswtadultscrosslinkrepreptrpfrtrimmedgzxrrnaxhairpinmmvuniquejxnbedrpfsensehybridutrupendpnldcrepbed']","['Nice ad framed as a question', 'xzlmmuC57testiswtadult80Scrosslinkrep1rept1RPFtrimmedgzxrRNAxhairpinmm10v1uniquejxnbed13RPFsensehybridutr31up5endPNLDC1rep1bed6 xzlmmuC57testiswtadult80Scrosslinkrep2rept2RPFR1trimmedgzxrRNAxhairpinmm10v1uniquejxnbed13RPFsensehybridutr31up5endPNLDC1rep1bed6 xzlmmuC57testiswtadult80Scrosslinkrep3rept3RPFR1trimmedgzxrRNAxhairpinmm10v1uniquejxnbed13RPFsensehybridutr31up5endPNLDC1rep1bed6', 'xzlmmuC57testiswtadult40Scrosslinkrep1rept1RPFtrimmedgzxrRNAxhairpinmm10v1uniquejxnbed1340Ssensehybridutr31up5endPNLDC1rep1bed6 xzlmmuC57testiswtadult40Scrosslinkrep2rept2RPFR1trimmedgzxrRNAxhairpinmm10v1uniquejxnbed1340Ssensehybridutr31up5endPNLDC1rep1bed6 xzlmmuC57testiswtadult40Scrosslinkrep3rept3RPFR1trimmedgzxrRNAxhairpinmm10v1uniquejxnbed1340Ssensehybridutr31up5endPNLDC1rep1bed6']"
78,121,78_distance_point_euclidean_metric,"['distance', 'point', 'euclidean', 'metric', 'euclidean distance', 'distance metric', 'delta', 'measure', 'distance point', 'distribution']","['Following this paper and this paper Im trying to implement the formula for the Lorentzian distance between 2 points aka the distance between 2 points in Lorentzian space Ill use this a the distance metric for a KNN classifier According to the papers the distance looks something like this where n is the number of dimensions features and X and Y are 2 points represented by vectors of features X1 X2   Xn and Y1 Y2   Yn If Im reading the formula correctly the right hand term inside the square root is always going to be the absolute difference value between the 2 points for the last feature n then squared However this right term is subtracted from the other squared term on the left so at first it seems to be possible to end up with a negative value inside the square root And indeed when I tried this metric against my dataset some terms errored out because of a negative value inside the square root My dataset features were all normalized via minmax from 01 It doesnt appear to be anywhere in the paper at least to me something to suggest the Lorentzian distance could be a complex number unless I missed something Has anyone come across this metric for distance and know better than I Or maybe I misread the papers or the formula somehow Any input would be much appreciated Thanks Rigth way to find Lorentzian distance between 2 point', 'I would like to run SVM for my classification problem using the Earth Movers Distance EMD as a distance measurement As I understood the documentation for Python scikitlearn  it is possible to use custom kernel functions Also there is a package with EMD implemented  I tried to run it similar as in example using my own data below I have distributions of eigenvalues But there is an error and cant figure out what does it mean So it means that for emd function we need one more argument Example in documentation says that this is distance matrix But how I should construct distance matrix for SVM model  in advance calculate the distance between all samples in my data If it is I dont really understand how I should provide an input to SVM model And one thing about EMD  why do I need the distance matrix to calculate the earth movers distance For me it looks strange that I need to calculate the distance and provide it as an input to the function which calculating the distance I undertstand that I missing something in basic understanding the EMD principle and how to use it for SVM Can somebody help me please with that Thank you for any info to boost my understanding Support Vector Machine SVM for classification problem based on Earth Movers Distance EMD', 'For this task you need to decide 3 things 1 What are the allowed transformations For example do you allow an arbirtrary affine transformation rotation scaling translation Then you need a matrix f in mathbbR3 imes 3 using homogeneous coordinates that maps the points from the left image to the right one Each entry of the matrix is a variable you want to determine You could also restrict to specific affine maps eg only rotations by setting certain entries in mathbfA fixed In principle you can use any map fw mathbbR2 imes 2 ightarrow mathbbR2 imes 2 that depends on some variables w 2 You need to think about a measure or loss which evaluates how similar the two sets are For arbitrary sets there is the Hausdorff distance which ignores any temporal information If you consider your data as two curves over time there is the Frechet distance You can have a look here to see that its a difficult problem to using the Haussdorf distance in general In fact computing only the Hausdorff distance without any optimization is already not trivial However for polygonal curves you can compute Hausdorff distance Frechet distance and discrete Frechet distance efficiently Finally in your specific case you have for each point of A a corresponding point in B you can measure the distance for each correspondence this gives you simply the mean squared errors in mathbbR2 3 Depending on the choice of 1 and 2 you need to employ a corresponding optimizer If you want to minimize the pairwise distance but you do not have the correspondences available there is the Iterative closest point If you simple compute the distance between corresponding points you have a nonlinear optimization problem You can use solvers such as LevenbergMarquardt As bogovicj points out the topic is called pointset registration']"
79,121,79_scikitlearn_sklearn_pypi_scikit,"['scikitlearn', 'sklearn', 'pypi', 'scikit', 'version', 'code', 'using', 'ols', 'implementation', 'sklearn version']","['This feature was requested on scikitlearn and I have added a PR for it  The code is awaiting review at this point This code was used with some good results on a recent Kaggle competition  scikitlearn Feature Request   scikitlearn PR   Kaggle Notebook 1 Code block below Kaggle Notebook 2  Purged Time Series CV  This is an excellent modification with parameter between different groups  Feature Request for the same has been raised on Scikitlearn', 'Using the two Python libraries GPyTorch and scikitlearn to perform Gaussian Process Regression GPR for a machine learning task I have encountered a problem I failed to solve during the last days I am using the same dataset the same traintest split and the same kernel function in both cases in GPyTorch its the and in sklearn it should be the if I got this right The problem is the following Computing the mean absolute error in both versions of the code produces a much smaller error a suspiciously small error for the GPyTorch version than for the sklearn version I initially thought that it depended on the way the dataset is splitted but varying the seed for the split for both cases made clear that it has nothing to do with the splitting because the MAE for the sklearn version remains way higher on average than the MAE in GPyTorch Below are the minimal working examples of both versions 1 GPyTorch 2 sklearn This is the first time I have encountered such a shift in performance when changing the library but using the very same ML method I have tried to figure if there is something wrong with the way I am reading the data or if there are other bugs but I was not able to find some yet I would appreciate any suggestions Performance difference between two equivalent ML codes', 'ive inherated a solution that runs in databricks runtime 73 and it is using scikitlearn 021 Databricks runtime must be upgraded and so existing scikitlearn version is not compatible with python version in newer databricks runtimes I tried to update scikitlearn version but now the solution fails with with following messages ModuleNotFoundError No module named sklearnneighborsballtree Code section where it fails in this link  omodulenamedsklearnneighborsbase i read that the modules have changed name to include  But i dont se that this is the case here Is pickle invoking it No previous experiene with scikit pickle and so on What do i need to do to get the ball tree working Other libraries installed on the clusterruntime azurestorageblob201 PyPI geopy1230 PyPI haversine PyPI pyproj370 PyPI scipy PyPI vincenty PyPI applicationinsights PyPI cryptography29 PyPI numpy1264 PyPI pandas153 PyPI scikitlearn PyPI shapely PyPI xarray PyPI scikitlearn upgrade  how to fix breaking change']"
80,120,80_sentence_nlp_text_task,"['sentence', 'nlp', 'text', 'task', 'phrase', 'word', 'extraction', 'language', 'would', 'problem']","['Looking for suggestions on how to define the following NLP problem and different ways in which it can be modeled to leverage machine learning I believe there are multiple ways to model this problem Deeplearningbased suggestions also work as there is a good amount of data is available for training Will evaluate different approaches for the given dataset Please share relevant papers blogs or GitHub repos Thanks Input Given a sentence S having words W1 to W10 S  W1 W2 W3 W4 W5 W6 W7 W8 W9 W10 The sentence has some syntactic and semantic patterns but it is not exactly freely written natural language but its in English These are words can be punctuation Output should be something like this Label1  W4 Label2  W3 Label3  W2 W1 continuous  semantically related Means words W2 W1 inorder are assigned a Label3 Also okay with solutions that dont output inorder Label4  W6 W8 Label5 W10 Noise W7 W9 Means words W7 and W9 independently are assigned a Label3 Label7 W5 Need to solve the problem Looking for researchthoughts on how this problem can be defined in different ways to exploit different patterns in the structure of sentences Looking for similar tasks which are already defined in NLP such as token labeling parsing which can be used Would be really helpful to get the suggestions to the latest research on solvingdefining this problem PhraseToken labeling', 'A lot of the approaches in machine learning specifically natural language processing to me seem to be focused on inferring the most likely output based on a given input For instance in training a neural net to parse natural language sentences as I understand it the corpora is annotated such that for each input sentence there is exactly one parsed representation So a neuralnet trained parser for instance would only be able to obtain a single parse of a sentence like I killed the man with the spoon when in fact this sentence like many sentences in natural language is ambiguous and has multiple possible parses with different semantic interpretations This seems problematic to me for many natural language understanding problems  for instance if a user is trying to communicate with a chatbot and what they are trying to say in unclear due to a syntactic or other kind of ambiguity they would not be able to ask for clarification from the user but rather be tied to a single parse based on the output from the model Are there any machine learning techniques that are used in natural language processing to get around this problem Ive heard of relational neural nets but I dont think thats exactly what Im looking for here  or at least I dont directly see how I would apply them to this sort of problem What Im looking for is rather than training a model  Id want to train a model more like Has anyone specifically in the field of natural language processing looked into such things And if not is there some kind of machine learning algorithm which would be able to learn a nondeterministic function like this that I desire Something similar to this can be done with more procedural approaches where from a sentence you can construct an algorithm returning a list of all possible parses something Ive implemented before for various grammarslexicons but the machinelearning approach to this problem has a lot of advantages as it is not entirely clear how a notion such as the probability of a parse would be determined without training on realworld data Are there any approaches in machine learning neural or otherwise that can learn relations ondeterministic functions', 'Brief Introduction I have a reportparagraph in which there are sentences with reference to future plansoutlooksexpectations for a particular entity I want to extract all such sentences for now Problem statement How to identify or recognize such futuristic statement sentence where they refer to their plans or How to best segregate the futuristic sentences from other nonfuturistic sentences Im looking for a traditional programming solution andor Machine Learning solution Languages and packages preferred Python Spacy scikitlearn keras backend  tensorflow Here is an input paragraph As at the Latest Practicable Date we have seven dipping lines located at our Malaysian facilities and two dipping lines at our Thai facility We plan to upgrade our facilities in Malaysia by increasing the number of cleanrooms for laundry and packaging of our products and installing additional cleanroom plant and equipment In relation to our Thai subsidiary we intend to install an additional dipping line increase the number of cleanrooms and upgrade our facilities by adding additional floor space to house additional plant and equipment  Copy the above text into paragraphtxt file Here is the code to get given text into sentences in a pandas dataframe Heres the desired result Sno Sentences FNF 1 As at the Latest Practicable Date we have seven dipping lines located at our Malaysian facilities and two dipping lines at our Thai facility NF 2 We plan to upgrade our facilities in Malaysia by increasing the number of cleanrooms for laundry and packaging of our products and installing additional cleanroom plant and equipment F 3 In relation to our Thai subsidiary we intend to install an additional dipping line increase the number of cleanrooms and upgrade our facilities by adding additional floor space to house additional plant and equipment F F  Futuristic NF  Futuristic The paragraph has 3 sentences one row for each sentence and related tags for each sentence How to identifyrecognize that a sentence about talks about future']"
81,119,81_cross entropy_loss_entropy_cross,"['cross entropy', 'loss', 'entropy', 'cross', 'crossentropy', 'loss function', 'binary', 'binary cross', 'binary cross entropy', 'function']","['From your description you represent your 2x2 image as a vector of dimension 4 and then you compute binary cross entropy between ypred and ytrue First of all cross entropy compares distribution q relative to p where q is often used as the estimate and p as ground truth in machine learning  Hp q   extEplog q geqslant Hp  In this sense pq are distributions and we dont need them to be binary However notice that the minimum value of cross entropy is the entropy of the ground truth So in your application if you do not have binary target you wont get zero even if your ypred is identical to your ytrue Furthermore your vectors represent the 2x2 image do not sum up to 1 so the above minimum cannot apply Why usual binary cross entropy has minimum 0 The answer is that forces the ground truth p to be binary ie 0 or 1 In this case the entropy Hp is zero so the minimum of Hpq is zero In summary answering your question you didnt apply cross entropy function correctly as you apply it to two vectors rather than two probability distributions if you do not have binary target values in your application normalize the vector to get probability distributions and then apply cross entropy However in this case you will not get 0 even if your ypred is completely the same as your ytrue', 'For your third point loss function depends on your classification type If binary then go for binary cross entropy loss and if multiclass use sparse categorical cross entropy loss', 'My aim is to predict whether a person is alive or dead In the case there are two classes which can either be alive 1 or dead 0 The output could be only one class ie 1 or 0 and not multi label result I have onehot encoded value for the label And the model also predicts two raw logits as output I have seen many examples where binary cross entropy loss is used for only 1 output as label and output of the class I am using PyTorch and I can find two implementation of binary cross entropy loss BCELoss BCEWithLogitsLoss This uses sigmoid  BCELoss I am aware about the activation function used but my issue is whether I can use binary cross entropy loss for values having onehot encoded values or not Binary cross entropy loss for one hot encoded 2 class problem']"
82,119,82_image_resize_size_resolution,"['image', 'resize', 'size', 'resolution', 'resize image', 'rescaling', 'image size', 'resizing', 'x', 'resized']","['On my problem I have to use 4k resolution 3840x2160 to record images and detect qrcodes at the same time The images I end resizing it to 1920x1080 to save it on disk The problem is that if I train using this resized data the model stops predicting well compared to when I record the video on native 1920x1080 I cant have good results nor if I predict with resized to 1920x1080 neither native 1920x1080 with this train If I train using native recorded at 1920x1080 it predicts well both with native 1920x1080 and resized 1920x1080 Is there some explanation about why this is occurring I always try to save the images as jps with quality95 and the camera Im using compresses the image before sending to opencv directly affects the fps I cant go back to 1920x1080 because the qrcode reader stops detecting How I record the video without resize working method With resize frames are coming with 4k res Object detection stops predicting well according to how I collect the images', 'On my problem I have to use 4k resolution 3840x2160 to record images and detect qrcodes at the same time The images I end resizing it to 1920x1080 to save it on disk Have you tried using a HAAR Cascade classifier to crop out the region with the QR code so that youll have to deal with only an image at lower dimensions I guess that will help you with the frame rate The problem is that if I train using this resized data the model stops predicting well compared to when I record the video on native 1920x1080 I cant have good results nor if I predict with resized to 1920x1080 neither native 1920x1080 with this train If I train using native recorded at 1920x1080 it predicts well both with native 1920x1080 and resized 1920x1080 Im not entirely sure what youve meant by this A bit more clarity would be nice  Is there some explanation about why this is occurring If youre training on the resized 4k image and testing on the 1920x1080 image its natural that this happens because the sub sampling removes features Its better to look at a few resizing algorithms and write your own resizer because qr codes have intricate details that can be missed while sub sampling I always try to save the images as jps with quality95 and the camera Im using compresses the image before sending to opencv directly affects the fps Instead of this why cant it be recorded in 1920x1080 and supersampled using interpolations This would not be as good as the 4k but it will be close And then you can sharpen the image until its at par with 4k', 'Of course making them smaller will cause loss of information Since before you had N x M data points for each image to describe the content of the image but after resizing you will have n x m Where n and N denote the number of rows in an image m and M denotes the number of columns in an image Also n  N andor m  M That is a small number of pixels will result in less information Open CVs resize function squeezes the image instead of cropping meaning it preserves aspect ratio original content but it displays objects or parts in the image with fewer pixels To achieve it Open CV uses the interpolation technique read more here Two solutions you can try If your smallest images size does not differ much from the size of the majority of your image then resize them to the smallest Because in that case if you have a good model your performance will not be affected severely If your smallest images size differs much from the majority or in general you have a group of small images and big images which sizes differ a lot then choose a threshold of minimum size to which you will resize the images and drop the images that have a size less than your threshold In both cases you will lose data or information it is inevitable The best practice is to test various possibilities to see which works well Look at the distribution of the sizes of your images make your decision accordingly If the size of the smallest image is big enough and the smallest image and the biggest image do not differ a lot in size I would just resize them Because it would at least gives a chance to the model to capture the feature in the image However in the second case dropping the small images you would not even give that chance to the model']"
83,118,83_string_distance_levenshtein_matching,"['string', 'distance', 'levenshtein', 'matching', 'fuzzy', 'match', 'similarity', 'levenshtein distance', 'character', 'name']","['I cannot write comments yet so I will start with an answer that still contains some questions feel free to complementcorrect it A The data Without any contextual information it looks like the only solution you have to link entities is their character similarity I dont know which distance metric you use but have you tried these metrics that are well designed for string data Levenshtein distance also called string edit distance basically computes the number of operations needed to transform one string into another JaroWinkler distance close to levenshtein but favoring strings with a common prefix Jaccard similarity roughly computes the ratio of common elements between two sets be it characters ngrams words You can try these metrics without the ngram transformation first but also on transformed data and use cosine distance afterwards You can also perform additional normalization but you need to assess whether it is relevant for your dataset which I dont know so I am just firing ideas not advices stripping accents special characters short tokens like the P in your example which will reduce the variance in your data B The clustering One thing that could explain your result is that with KMeans or Affinity Propagation any data point must belong to a cluster so names that should be alone are assigned to the cluster so that it minimizes the loss of the algorithm Have you thought of trying DBSCAN It can label some data points as noise and if you are using one of the string distances above you can encode prior knowledge about the maximum distance between two potential matches through the epsilon parameter But as with any unsupervised method you will never have the guarantee to get rid of noise', 'I have a list of short strings each identifying a city Misspellings are very common The example below shows some of these short strings along with the correct city theyre supposed to match string city amsterdam amsterdam asmterddam amsterdam amstterdm amsterdam new york new york new yrok new york nwe york new york neew york new york nw york new york I would like to train a classifier that takes the input string and then predict the most likely city to be identified However there is a subtlety which is that the correct city will depend not only on the input string but also on other factors such as the current location of the person and of which person is writing For instance the following strings could mean different cities based on these other features currentlocation person string city uk John dratford dartford uk Jack dartfford dartford uk Jill datrfrod dartford norway Jill dartfoord dartford norway John datrfrod dartfjord norway James datrfrod dartfjord sweden Olaf dratfjod dartfjord uk Olaf dratfoord dartfjord As we can see the same input string can mean a different actual city depending on who writes it and where the writer is currently located This means that just a fuzzy search using tfidf wouldnt be enough to make correct predictions Im thinking of two different approaches to implement an appropriate classifier boosted trees using character ngrams as features  the other categorical features neural network using convolutions on letters  the other categorical features One advantage here is that the string will always be limited in size max about 5060 characters One thing Im struggling with in particular for the case of boosted trees is that how to make the model learn about the order of character ngrams For instance the sequence coming after the sequence is indicative of  but I dont know how to give the model a sense of sequence where this sequence could be anywhere in the string eg if the input string is then this sequence would be in position 2 instead of position 1 So in short Id be looking for guidance in the best way to decompose and model the input string in order to transform it into features usable by either boosted trees or a convolutional neural network along the other categorical input features Im obviously not looking for a complete solution here just general guidance would be hugely appreciated Classifying short strings of text with additional context', 'There are a few approaches you can take to cluster URLs based on their structural patterns One option is to use a method called string distance which measures the similarity between two strings based on the number of edits required to transform one string into the other Some common string distance measures include Levenshtein distance and Cosine distance To use string distance for clustering you can first vectorize the URLs by breaking them down into individual tokens eg domain path file and then calculating the string distance between each pair of URLs You can then use a clustering algorithm such as kmeans or hierarchical clustering to group the URLs into clusters based on their string distance Another option is to use a method called regular expression matching which allows you to define a pattern for the structure of a URL and then match that pattern to a set of URLs For example you could use a regular expression to identify URLs with a simple structure eg  shortened URLs and redirect URLs You could then use a clustering algorithm to group the URLs into clusters based on their match to the different regular expressions Hope this helps']"
84,117,84_ensemble_stacking_model_learner,"['ensemble', 'stacking', 'model', 'learner', 'voting', 'ensemble model', 'prediction', 'ensemble learning', 'base', 'ensembling']","['Bagging or bootstrap aggregation seems to make sense for time series forecasting using an ensemble because bagging randomizes subsets of the data with replacement However Ive only seen bagging used for homogeneous base learners when constructing ensembles Stacking is another ensemble technique that uses heterogeneous base learners but stacking employs crossvalidation which I dont view as being appropriate for economic time series forecasting even if time series split crossvalidation that retains the ordering of observations is used As you can see for time series forecasting i like the random resampling of bagging and the heterogeneity of base algorithms in stacking How to combine these qualities in ensemble learning Can heterogeneous algorithms be used in a bagging ensemble Or can bootstrap resampling be used within stacking Can bagging ensemble consist of heterogeneous base models', 'The technique you are talking about is known as Stacking Stacking falls under an umbrella known as ensemble methods which also includes Bagging and Boosting First stacking often considers heterogeneous weak learners different learning algorithms are combined whereas bagging and boosting consider mainly homogeneous weak learners Second stacking learns to combine the base models using a metamodel whereas bagging and boosting combine weak learners following deterministic algorithms the idea of stacking is to learn several different weak learners and combine them by training a metamodel to output predictions based on the multiple predictions returned by these weak models So we need to define two things in order to build our stacking model the L learners we want to fit and the metamodel that combines them For example for a classification problem we can choose as weak learners a KNN classifier a logistic regression and a SVM and decide to learn a neural network as metamodel Then the neural network will take as inputs the outputs of our three weak learners and will learn to return final predictions based on it So assume that we want to fit a stacking ensemble composed of L weak learners Then we have to follow the steps thereafter Flow diagram for stacking model  For more details on ensemble methods and stacking please refer to this link', 'There are many ways in which Ensembling can be done and each one has a different foundation logic to gain improvement Key variations can be  1 NatureHigh BiasHigh Variance of models in the ensemble 2 How we put models into work ie same model type different model type parallel sequential sample data full data etc 3 How we combine individual prediction Lets see a few of the key approaches  1 Simple Voting based ensembling Dataset doesnt have the same pattern across the feature space Its pattern will support one type of model in most of the part but a different type of model in some of the part Observation on an experiment for multiple models Despite their overall scores being identical the two best models  neural network and nearest neighbour  disagreed a third of the time that is they made errors on very different regions of the data We observed that the more confident of the two methods was right more often than not Ref  Ensemble Methods in Data MiningImproving Accuracy Through Combining Predictions What it meant if two models have 70 accuracy each and both differ on 10 of the data There is a good chance that the more confident one is true on 010 of the time and that will be the gain on combining both of them using a Soft voting strategy Intuition  If we use a KNN and a Linear Regression Definitely KNN will be better in most of the spaceie away from the Regression plane but for data points which are near to the plane Regression will be more confident hspace4cm hspace4cmRef  HandsOn Machine Learning with ScikitLearn Keras and TensorFlow 2 Bagging based Ensembling A model with very high variance is prone to overfit We can convert this challenge to our advantage if we figure out a way to average out the variance This is the logic behind bagging based model Intuition  At a very high level the high variance model when built on a different random sample will create decision boundaries which when averaged will smoothen the prediction and variance will be reduced An intuitive example is Here Why not High Bias models  A high bias model eg A Regression Line will not change much with every sample as the sample will have the roughly same distribution and the slight difference doesnt impact these models So it will end up almost the same models for every sample As shown in this example for 3 different models hspace4cmRef  HandsOn Machine Learning with R Bradley Boehmke  Brandon Greenwell 3 Boosting based Ensembling The main idea of boosting is to add new models to the ensemble sequentially In essence boosting attacks the biasvariancetradeoff by starting with a weak model eg a decision tree with only a few splits and sequentially boosts its performance by continuing to build new trees where each new tree in the sequence tries to fix up where the previous one made the biggest mistakes ie each new tree in the sequence will focus on the training rows where the previous tree had the largest prediction errors Ref  HandsOn Machine Learning with R Bradley Boehmke  Brandon Greenwell Intuition  We start with a weak modeleg a DT stump we may think it as a simple lineHyperplane across the dataset space splitting it into two parts We repeat this step but with additional info ie adding weight to missclassified records In the end we do a weightage voting eg more weight to better Model Lets say the first model predicted 57 correct out of 100 Now the 2nd model will have additional weight for the 43 records Lets say it end up 55 correct So the first model will have higher weights It means you have sureshot 57 correct  there is a good chance that because of the added weight on 43 records some will be predicted correctly with very high confidence and that will be the addition for the ensemble 4 MetalearnerGeneralized Stacking In this approach the prediction of multiple models is used as an input to a metalearner to decide the final prediction using an additional set of data So here we are not using any readymade function for voting eg softhard voting but allowing another model to learn the bias pattern of initial models prediction and learn the adjustment if any hspace8cmRef  developeribmcom This was a very simple explanation of generalized stacking approach but stacking has been extensively used in competitions To an unimaginative level which is almost impossible to comprehend and explain As done in below mentioned approach Ref hspace2cm Your sample data We have to attack the model BiasVariance pattern Confidence in prediction probability etc to gain an advantage We cant get an improvement on any datasetmodel combo by just doing hard voting Maybe you can investigate this example KNeighborsClassifier 09298245614035088 SVC 09122807017543859 VotingClassifier 0956140350877193']"
85,116,85_error_code_line_error message,"['error', 'code', 'line', 'error message', 'getting error', 'message', 'please', 'traceback', 'getting', 'error thank']","['So I updated the code and got a different error message The question was updated with new error', 'What is the error', 'What is the error']"
86,109,86_bayes_naive_naive bayes_probability,"['bayes', 'naive', 'naive bayes', 'probability', 'independence', 'bayes classifier', 'class', 'conditional', 'classifier', 'assumption']","['There are various types of Naive Bayes algorithms in the Sklearn library Can all of them be used for text classifications And which ones perform bette I tested out a simple text classification using Multinomial Naive Bayes Bernoulli Naive Bayes and Gaussian Naive Bayes It seemed the Multinomial was somewhat better I am not sure about others and also my observations could be limited to my dataset Comparison of different Naive Bayes algorithm for SMS classification', 'Im trying to understand why naive is needed in Naive Bayes and everyone says Naive Bayes assumes the input features predictors are not correlated hence they are not dependent on each other  i want to understand what will happen if features are dependent ie Non Naive the opposite part of being naive  if we have a sentence You won lottery for 1million and we need to classify it as spam and not spam using naive bayes  pyxpxypy In the likelihood partwe will model the probability as pxy what is the correct way of writting this probability and finding its value without considering independence of event among X  should it be written as is this correct way of finding the probability of the X considering its events are dependent on each other  Should the spam otspam also be included in the dependence part  What is the probelm in finding the above 2 probability and why is it so hard that naive has to pitch in and make the features as independent inorder to calculate probability  why naive is needed in Naive Bayes what happens if naive is not included in Bayes theorem', 'I have a hard time to understand when Naive Bayes works better than Full Bayes In general i know that naive bayes does the assumption that features are independent given the class However if features indeed independent does it mean that assuming that they are dependent yield worst result eg i got this data points for two features each class is colored in different color Now my intuition is that Naive bayes will work well here given a specific class we have two different distributions of the class and both are unstructured However i did ran Naive bayes with normal pdf and full bayes with multivariate pdf classifiers on that data using multivariate and got the same accuracy Naive Bayes vs Full Bayes model classifiers']"
87,107,87_validation_set_validation set_test,"['validation', 'set', 'validation set', 'test', 'test set', 'training', 'model', 'data', 'train', 'split']","['Something I could not understand is that why model performed good at validation set but may not be good at public test set And sometimes even public test set score may differ from private test set Validation sets are used to tune your hyperparameters so that you can then analyze the the performance of your model on a neverseenbefore data the test set So comparing the performance of validation set and test sets privatepublic is not fair Also in case of Kaggle datasets usually the public test sets are smaller and probably a bit different than the private ones otherwise you could have trained a good model on the public test set and except to get a good result on the private one as well If the validation set could not avoid over or under fitting in real prediction then it seems useless Again validation sets are used for hyperparameter tuning If your model cannot perform good however you define it use better models or perform a study on your data But do not use any information you gained from test set to tune the model Whats more how can we tell a model is good or not even if it performed good at private test set Maybe it would performed bad at a privateprivate test set afterward Publicprivate test sets are mainly used for competitions and their main purpose is to prevent cheating But know this you were given a limited resources here data Perform your best on it If you are sure about the model you trained and it still performed poor on the final dataset maybe the data given to you was not representative enough', 'I do not agree that Bootstrapping is generally superior to using a separate test data set for model assessment First of all it is important here to differentiate between model selection and assessment In The Elements of Statistical Learning 1 the authors put it as following Model selection estimating the performance of different models in order to choose the best one Model assessment having chosen a final model estimating its prediction error generalization error on new data They continue to state If we are in a datarich situation the best approach for both problems is to randomly divide the dataset into three parts a training set a validation set and a test set The training set is used to fit the models the validation set is used to estimate prediction error for model selection the test set is used for assessment of the generalization error of the final chosen model Ideally the test set should be kept in a vault and be brought out only at the end of the data analysis Suppose instead that we use the testset repeatedly choosing the model with smallest testset error Then the test set error of the final chosen model will underestimate the true test error sometimes substantially In line with this the author of Machine Learning  A Probabilistic Perspective 2 writes Often we use about 80 of the data for the training set and 20 for the validation set But if the number of training cases is small this technique runs into problems because the mode wont have enough data to train on and we wont have enough data to make a reliable estimate of the future performance A simple but popular solution to this is to use cross validation CV Since in model selection you are comparing different models different hyperparameters for a given technique or even different techniques the absolute level of the prediction error estimate is not that important As long as the relative error ie how does model A compare to B is sufficiently well estimated In contrast when assessing your final model you would like to obtain an estimate of the absolute prediction error Also note that in the text quoted by Carlos Mougan the authors write  it can be evaluated on these instances without the need for a separate validation set ie we are talking validation model selection and not testing models assessment here Both CrossValidation and Bootstrapping are more common for model selection ie estimate the validation error but less common for model assessment ie estimate the test error To summarize CrossValidation and Bootstrapping are usually applied when data limited CrossValidation and Bootstrapping are usually applied for model selectionestimation of validation error They are less common for test error estimates Nevertheless Bootstrapping can be used to estimate the validation and even the test error There are at least 3 ways to apply it I will now refer to prediction error which could either mean validation error or test error depending on the way you use Bootstrapping 1 Simple Bootstrap You produce B Bootstrap samples for your data by randomly selecting N sample size data points with repetition You then train your data on each Bootstrap sample and calculate the prediction error on the whole data set This is then averaged across all Bootstrap samples B Since the prediction error is based on the whole data set incl the examples in the Bootstrap samples it means that training data is also used to estimate the prediction error Which can lead to overfitting 2 Leaveoneout Bootstrap Here the approach is similar to CrossValidation for a predictor hatfb trained on Bootstrap sample b the prediction error is estimated based on all data except the examples in the Bootstrap sample b However this is not the same as CrossValidation as Bootstrap samples are produced by drawing with repetition This way the problem of overfitting is solved as training and prediction error estimation are based on different subdata sets for each bootstrap sample 3 632 Bootstrap This approach uses a linear combination of the Leaveoneout Bootstrap prediction error errorleave ext one ext out and the simple training error errortraining error632  0368 cdot errortraining  0632 cdot errorleave ext one ext out  Note that 0632 is the probability that when drawing a Bootstrap sample a data point xnyn from the overall population is included in that Bootstrap sample A very casual interpretation of this equation is that you use an estimate that is somewhere between the test error and the leaveoneout Bootstrap error with more weight being put on the latter For more details I suggest to read section 711 in The Elements of Statistical Learning  Data Mining Inference and Prediction 1 1 The Elements of Statistical Learning  Data Mining Inference and Prediction Hastie et al 2nd Ed 2 Machine LearningA Probabilistic Perspective Murphy 1st Ed', 'The general idea of using a validation set is to analyse or control the training of the model Usually the model tends to underfit or overfit and this can be observed using the validation split In practical applications we just have the visible training set and unknown test set So with some assumption on the test set a simple assumption can be such that test set belongs to the similar distribution as of the training set we use part of training set as validation set Once the validation set is chosen we train the system on the training set and at every required step we observe how the trained model performs on the validation set Here we are still under an assumption that the testset is not visible Hence we can use the validation to check if the model is being trained well and to control the training early stopping especially in the case of overfitting With this assumption a good validation set should be something which has similar distribution as that of the test set However most of the times since we split the available dataset into training validation and test set the validation set usually has similar distribution as that of test set As mentioned above difference in the distributions of test set and validation set can cause some discrepancies in the results As you pointed out if we upsample the training set before obtaining the validation split then the validation set will contain different distribution than that of the test set The discrepancies also occur when the the test set is not provided beforehand and if it has different distribution than that of trainingvalidation set Generally a randomuniformsplit produces the similar distribution ie the ratio of imbalance reflects in all the splits However when the number of samples are small either overall number of samples or number of samples in minority class the ratio may not be proportional across the splits Hence given an option to have stratifiedsplit you can prefer the stratified split As mentioned it may not make much difference if randomuniformdistribution produces similar ratios across the split']"
88,104,88_knn_k_neighbor_distance,"['knn', 'k', 'neighbor', 'distance', 'knearest', 'nearest', 'knearest neighbor', 'point', 'nearest neighbor', 'value k']","['An algorithm implementing KNN for classification tasks goes as follows Compute the distance in this case Euclidean from the test point in question to all points in the training data Using the computations from 1 sort the training points in ascending order according to their distance from the test point in question smallest distance first Take the first K training points from the list in part 2 and collect the classes assigned to each in one list Assign to the test point in question the class which appears most often in the list from part 3 In this case since we are interested in the Euclidean distance you can use the formula  dp p  sqrtx1 x12  x2 x22  x3 x32  to calculate the distance between a training point px1 x2x3 and a test point in question p  x1 x2 x3 With the euclidean distance what is the prediction with K  1 and with K  3 for the test point 0 0 0 For the K1 case if my algebra serves me correctly the training point with the smallest distance to the test point p  000 is the point p101 with distance sqrt2 Assuming my calculation is correct this means we should associate the class of the point p namely the class Green to the test point p The K3 case can be approached by the same method but this time we will need to calculate all distances from train points to p keep the train points with the 3 smallest distances and assign the class which occurs most often among those 3 train points Ill leave it to you If the Bayes decision boundary in this problem is highly nonlinear then would we expect the best value for K to be large or small Why Some intuition can be gained by thinking about the K1 case In this case each training point has a neighborhood around it such that any new test points in that region will be classified in the same way as the training point By definition this neighborhood is given by those points which are closer to the training point in question than they are to any other training points These neighborhoods are known as Voronoi cells and together they form a Voronoi tesselation see wikipedia for some pictures The decision boundaries for KNN with K1 are comprised of collections of edges of these Voronoi cells and the key observation is that traversing arbitrary edges in these diagrams can allow one to approximate highly nonlinear curves try making your own dataset and drawing its voronoi cells to try this out To answer the question one can investigate how this ability to approximate nonlinear curves changes as K gets made larger and try to relate the findings to the existence of a highly nonlinear decision boundary from a Naive Bayes classifier', 'I have been facing some challenges where traditional KNN algorithm perform well Id like to explore more advanced knn solutions While researching possible solutions I came across a paper titled  which discusses several enhancements to the KNN algorithm The improvements mentioned in the paper are as follows KNN Knearest neighbor AKNN Adaptive Knearest neighbor LAKNN Locally adaptive Knearest neighbor FKNN Fuzzy Knearest neighbor kMKNN Kmeans Knearest neighbor WKNN Weighted Knearest neighbor HKNN Hassanat Knearest neighbors GMDKNN Generalized mean distance Knearest neighbor MKNN Mutual Knearest neighbor EAKNN Ensemble approach Knearest neighbor I have been unable to find simple implementations of these variants Are there any standard libraries available preferably in Python that provide implementations for these KNN improvements Where can I find implementation of the various improvements of Knearest neighbors KNN', 'To add a couple of references to the already good answers on the problem of selecting the optimum k for kNN How to find the optimal value of K in KNN Then how to select the optimal K value There are no predefined statistical methods to find the most favorable value of K Initialize a random K value and start computing Choosing a small value of K leads to unstable decision boundaries The substantial K value is better for classification as it leads to smoothening the decision boundaries Derive a plot between error rate and K denoting values in a defined range Then choose the K value as having a minimum error rate Knearest neighbors algorithm Parameter selection The best choice of k depends upon the data generally larger values of k reduces effect of the noise on the classification but make boundaries between classes less distinct A good k can be selected by various heuristic techniques see hyperparameter optimization The special case where the class is predicted to be the class of the closest training sample ie when k  1 is called the nearest neighbor algorithm The accuracy of the kNN algorithm can be severely degraded by the presence of noisy or irrelevant features or if the feature scales are not consistent with their importance Much research effort has been put into selecting or scaling features to improve classification A particularly popularcitation needed approach is the use of evolutionary algorithms to optimize feature scaling Another popular approach is to scale features by the mutual information of the training data with the training classes In binary two class classification problems it is helpful to choose k to be an odd number as this avoids tied votes One popular way of choosing the empirically optimal k in this setting is via bootstrap method Optimal choice of k for knearest neighbor regression The knearest neighbor algorithm kNN is a widely used nonparametric method for classification and regression We study the mean squared error of the kNN estimator when k is chosen by leaveoneout crossvalidation LOOCV Although it was known that this choice of k is asymptotically consistent it was not known previously that it is an optimal k We show with high probability the mean squared error of this estimator is close to the minimum mean squared error using the kNN estimate where the minimum is over all choices of k']"
89,104,89_erwan_erwan thanks_thanks_thanks erwan,"['erwan', 'erwan thanks', 'thanks', 'thanks erwan', 'thank erwan', 'erwan erwan', 'thank', 'help erwan', 'answer erwan', 'erwan thank']","['Thanks Erwan', 'Erwan I just did that', 'Erwan thanks']"
90,99,90_learning_machine learning_machine_book,"['learning', 'machine learning', 'machine', 'book', 'course', 'deep learning', 'deep', 'ml', 'algorithm', 'introduction']","['guys I am a beginner at data science and Ive been learning machine learning for a while with some courses online without any help of a teacher and after Ive got to work with some real projects on my own I have found some questions and couldnt find the answers so if you be could help me in this problem and guide me to a better path I would be thankful Here is my question When I want to find a model for my dataset that I find that there are lots of algorithms that I can use I know how to minimize selection choices by separating supervised and unsupervised algorithms and the purpose of the problem I am trying to solve But after that there are also lots of algorithms to choose from even in the sklearn library that I currently use and there are lots of algorithms that I dont know and there might work better in my problem and also there are deep learning algorithms that are stronger than machine learning algorithms and after looking for them Ive got tired and a simple project cost me whole 2 weeks but I wasnt satisfied with the result at the end neither So what should I do Do I have to memorize all the algorithms in machine learning libraries like sklearn Or should I abandon learning machine learning algorithms and start learning deep learning how to choose the best machine learning algorithms from all kinds of algorithms', 'Machine Learning is not something that can be mastered or learnt in a short time and you need at least 34 months familiarize yourself with the basics and even after that you need at least 67 months to get to a good place with your ML knowledge To get started you can first go through this course Python for Everybody  Full University Python Course to familiarize yourself with python and learn the basics of programming After this you need to know basic statistics linear algebra and basic differential calculus You can learn these 3 subjects from this course on Linear Algebra from Khan Academy this course on Statistics from freecodecamp and this course on Calculus from Khan Academy Leave the Integration sections you wont need them much Now the above 2 points only cover the prerequisites to get started with machine learning From here to get started with ML follow the following list of courses Machine Learning by Andrew Ng Stanford University Link To get to know the inner workings and inner maths of all the major machine learning algorithms The only downside of this course is that the implementation of all machine learning algorithms is on Matlab Machine Learning AZ Udemy Link This course will explain the implementation of machine learning algorithms in python And would help you to create basic machine learning projects The above courses will get you started in machine learning and you will have good knowledge of how ML learning algorithms work After this comes Deep Learning currently most research work is being conducted in deep learning deep learning algorithms offer highly efficient mathematical and statistical method the get good accuracy from your data To get started with deep learning these 2 specializations of Coursera are more than enough to give you a working mathematical and implementational knowledge in Deep Learning The 2 courses are as follows Deep Learning Specialization from Deeplearningai Link This course will give you a good mathematical knowledge related to deep learning Tensorflow Developer Specialization from Deeplearningai Link This course will teach you how to implement basic neural networks and teach you the implementation of deep learning in Tensorflow framework PS Please pardon my English if it is not up to the mark This is my first answer so please go easy on me XP', 'I asked to deepseek R1 to provide me a learning path to become an AI engineer by self studying This is the response  Undergraduate Level Years 14 Year 1 Foundations Goals Build math and programming fundamentals Textbooks Calculus Calculus Early Transcendentals by James Stewart Linear Algebra Introduction to Linear Algebra by Gilbert Strang Programming Python Crash Course by Eric Matthes Other Resources MIT OpenCourseWare Calculus Linear Algebra CodecademyCoursera for Python basics Year 2 Core CS  Intro to AI Goals Algorithms statistics and AI basics Textbooks ProbabilityStats Probability and Statistics by Morris H DeGroot Algorithms Introduction to Algorithms CLRS AI Artificial Intelligence A Modern Approach 4th ed by Stuart Russell  Peter Norvig Other Resources LeetCode for coding practice EdXs CS50s Introduction to AI Harvard Year 3 Machine Learning  Systems Goals ML fundamentals deep learning and databases Textbooks ML The Elements of Statistical Learning by Hastie Tibshirani  Friedman Practical ML HandsOn Machine Learning by Aurlien Gron Deep Learning Deep Learning by Ian Goodfellow Other Resources Kaggle competitions for handson practice Andrew Ngs Machine Learning Coursera Year 4 Specialization  Projects Goals NLP computer vision and capstone projects Textbooks NLP Speech and Language Processing by Jurafsky  Martin Computer Vision Computer Vision Algorithms and Applications by Richard Szeliski Optimization Convex Optimization by Boyd  Vandenberghe Other Resources Publish code on GitHub contribute to opensource AI projects Internships at AIfocused companies Graduate Level Years 56 Year 5 Advanced ML  Research Goals Master advanced ML techniques and begin research Textbooks Reinforcement Learning Reinforcement Learning An Introduction by Sutton  Barto Probabilistic Models Probabilistic Graphical Models by Daphne Koller Big Data Mining of Massive Datasets by Leskovec et al Other Resources arXivorg for cuttingedge papers Specialize in a subfield eg robotics generative AI Year 6 Thesis  Ethics Goals Thesis work and ethical AI practices Textbooks Ethics Ethics of Artificial Intelligence by S Matthew Liao Bayesian Methods Machine Learning A Probabilistic Perspective by Kevin Murphy Other Resources Fastais Practical Deep Learning for Coders Participate in AI ethics workshops eg DAIR Institute Additional Resources MOOCs Coursera edX Udacity Tools TensorFlowPyTorch Hugging Face MLflow Communities AI Alignment Forum ML subreddits NeurIPS conferences So please what do you think about the content  Any other advices  Learning path to become an AI engineer by myself']"
91,97,91_text_text classification_classification_category,"['text', 'text classification', 'classification', 'category', 'word', 'document', 'class', 'classify', 'classifier', 'keywords']","['Generally the task of recognizing one type of text against anything else is a quite difficult problem since there is so much diversity in text that there cannot be any good representative sample of anything else Typically this problem is treated as a oneclass classification problem the idea is for the learning algorithm to capture what represents the positive class only considering anything else as negative To my knowledge this is used mostly for author identification and related stylometry tasks The PAN workshop series offer a good deal of state of the arts methods and datasets around these tasks It is also possible to frame the problem as binary classification but then one must be very creative with the negative instances in the training set Probably the main problem with your current approach is this your negative instances are only randomly selected among all other topics of the site This means that the classifier knows only texts from the site on which it is trained so it has no idea what to do with any new text which doesnt look like anything seen in the training data A method which has been used to increase the diversity of the negative instances is to automatically generate google queries with a few random words which appear in one of the positive instances then download whatever text Google retrieves as negative instance Another issue with binary classification is the distribution of positive egative instances if you train a model with 5050 positive egative the model expects that by default there is 50 chance for each This can cause a huge bias when applied to a test set which contains mostly negative instances especially if these dont look like the negative instances seen during training Finally be careful about the distinction semantic topic vs writing style because the features for these two are usually very different in the former case the stop words are usually removed the content words nouns verbs adjectives are important hence one uses things like TFIDF In the latter its the opposite stop words and punctuation should be kept because they are good indicators of writing style whereas content words are removed because they tend to bias the model the topic instead of the style In stylometry features based on characters ngrams have been shown to perform well even though its not very clear why it works', 'Ive been trying to employ some basic techniques of supervised learning on a dataset that I have and I have several questions about the overall procedure ie data preprocessing model evaluation etc Before I start posing the questions let me give you an insight of how my dataset looks like The dataset is from the open ML repository it consists of 22 different types of articles the targets or classes and 1079 different words features The aim is to classify the upcoming blurbs of these articles based on these 1079 words Below you can see the first 5 rows of my dataset As you can see from the above snippet in the first 22 columns I have my targets ie type of articles and the rest of the columns belong to my word predictors The values of my features are binary ie 1 if the word appeared on the blurb and 0 otherwise First I do a little of preprocess and I separate the targets from the features I change the boolean values that correspond to the targets to 0 and 1 and I give Labels to my articles ie 0Entertainment 1 Interviews etc In the following snippet you can see the distribution of my samples according to each different type of article As you can see from the above image my dataset is unbalanced My aim is to try the following classification algorithms and choose the best one at end 1 GaussianNB GNB 2 KNearestNeighbors KNN 3 LogisticRegression LR 4 MultiLayer Perceptron MLP and 5 Support Vector Machines SVM Before I start to preprocess my dataset in more detail I split my dataset on 70 train and 30 test and I do an Outofboxtest of these algorithms in the following table you can see my results Classifier f1scoretrain acctrain f1scoretest acctest Time  f1scoretrain GaussianNB 23  41  24  40  054 sec Dummy 1  16  2  19  001 sec 1NN 4  18  8  24  022 sec Logistic 34  56  40  62  104 sec MLP 33  54  39  59  105 sec SVM 19  46  32  57  37 sec The first two columns refer to the outcome of the classifier using a 2fold cross validation on my training set according to accuracy and f1average  macro metrics and the last two columns are the results of the classifiers on the test set according to the aforementioned metrics From the above table you can observe that some of these classifiers have low performance In my next task I am trying to preprocess my data in more detail using techniques like StandarScaler VarianceThreshold PCA or SelectBestK RandomOverSampling and optimize the parameters of my classifiers with GridSearch At the moment I can pose my first question Q1 Are the above techniques except GridSearch which I completely understand going to improve the perfomance of the classifiers for sure I mean is there any justification that these techniques generally work for better or it is just a trial and observation procedure In the next code I create a pipeline that does the following manipulations Oversampling deleting the features with low variance sequentially before training the model in this case I use only GaussianNB Observe that I first do the splitting of my dataset into train and test and then use the oversampling The accuracy on the test set of the following pipeline is 38  which is 2  less than the score of the GaussianNB without this preprocess procedure so my second question is the following Q2 Why these modifications deteriorated the performance of the classifier Is there any sign from the values of my dataset or its structure that could predict this outcome Now if I change the order of splitting and the oversampling I get completely different different results for example if I run the following block of code I get 74  percent accuracy on the test set which is much better than before So my question is Q3 Why changing the order of the splitting with oversampling changed the result that much In general I must do the splitting first and then do the preprocess only on my training set For example I understand that if first do some preprocess like scaling PCA and then split my set then my results would be biased since I have preprocessed the test set also but I dont understand why this happens with oversampling also if this is the case To give you another view of the above result below I can show you the learning curve of the GaussianNB on a 10fold cross validation in the second case where I first do the oversampling and then the splitting As you can see from the above snippet the validation score and the training score converges on the same number which is a good indication that the model can achieve a good generalization performance Q4 Which of the above two cases is more reliable to give me good results on future unseen samples Furthermore what kind of preprocess would you suggest on the above dataset For example in these two runs I deleted all samples from my dataset that belonged to 2 or more classes this modification gave me back the 84 of my initial dataset Would it be better if I had created duplicates of these samples to prevent as much the unbalancedness of dataset PS Excuse me for the long post I dont expect to get answers for all the above questions I would be very pleased to share your opinions if you have any insightful answers to any of the above questions Thanks in advance Some questions about supervised learning model evaluation and preprocessing', 'As a person trying to do text classification myself Let me try to help you to get started here Please dont bother reading ahead if your question is about finding models which are able to fit the Italian language features and find corelation and you already know how to do text classification in general If not then It is recommended to formulate your problem first properly ie what exactly are you trying to solve here classifying them between True and False It doesnt give a lot of clarity This should be clear for you What kind of data you are dealing with saying 30000 of texts does that mean 30000 lines of text documents books Now comes the part where we can do EDA which might include preprocessing of data also try to plot your data with respect to your labels and get some insights on how to go about the problem if there are trends patterns you can utilize There are many techniques to get the features out of text data there is feature selection feature extraction and there are various methods to do that Then you can decide on which classification models will fit the data iemodel selection the null hypothesis if I might suggest You can try various models to fit the data and compare its performances and choose the one which gives you the best resultsthere is crossvalidation for example do help you decide on this There is a model evaluation that shall help you decide if the model is able to generalize well on unseen data Here is the point about the percentage of data used for training and testing Read about the crossvalidation and the holdout method to help you understand it Generally its a good idea to 7030 ratio to train and test the model and also training data can be split into training and validation sets However here comes the famous biasvariance problem wrt training size generally more data leads to better generalize which avoids overfitting With less data there are more chances of overfitting Hence you should try to run the models and plot the graph to understand if its overfitting or underfitting if you think you have way low data for any model to fit and predict  With the bestselected model you can start predicting the results After you have got the best fit model you can tune its hyperparameters to get the better performance Now these are just rough lists for you to go on Please try the below link to read about text classification with sklearn which might be a good starting point if you havent done this before']"
92,97,92_learning rate_rate_learning_epoch,"['learning rate', 'rate', 'learning', 'epoch', 'optimum', 'optimizer', 'e', 'loss', 'adam', 'learning rate e']","['I wonder why would you tune the learning rate too much at all On many platforms you can include something like a learning rate scheduler It will decrease the learing rate when no more learning progress is made So you tune the learning rate on the fly while training With Keras this could look like The callbacks above introduce early stopping to stop if no more progress is made reduce on plateau decrease learning rate when required and checkpoint save model results on each epoch Start with some reasonable standard value for the learning rate and decrease if necessary', 'Im investigating a loss plateau and various techniques for overcoming it which led me to this page and statement Models often benefit from reducing the learning rate by a factor of 210 once learning stagnates This callback monitors a quantity and if no improvement is seen for a patience number of epochs the learning rate is reduced  Im confused by this terminology If my learning rate is 0001 am I reducing the learning rate when it moves to 001 or to 00001 I initially wouldve thought the latter since 0001  00001 but it doesnt make sense to me to change the learning rate to a smaller value when a model has reached a plateau since you would end up making smaller changes to your model than before making the situation worse Learning rate terminology what is reducing a learning rate', 'my learning rate is 00001']"
93,96,93_seed_random_random seed_result,"['seed', 'random', 'random seed', 'result', 'random state', 'randomness', 'run', 'different', 'random number', 'set seed']","['Im starting to study machine learning All the examples I saw the person that created the ML model used a random state or a random seed to stop the randomness of the process But in real life when youre trying to apply a machine learning model into an actual project of a company should you use any random state or seed Is it right in data science terms to set a random state to the machine learning model and make reproducible results Should you use random state or random seed in machine learning models', 'Yes it can depend on it because it changes the data distribution with the network is trained You shouldnt consider random seed as a hyperparameter Keep the same random seed and run comparison Do this for at least 5 or 10 random seeds You will definitely have a winner If you dont go for more than 10 unless you get a winner That will give you sufficient proof about the efficacy of the method Otherwise since one is good in random seed or other one in other just choose one of those random seeds choose the method that gives best in it and continue your work', 'pardon the noob question but I am baffled by the following behavior My model has MASSIVELY different results based on the random seed I want to train a KNN classifier on the famous Kaggle Titanic problem where we attempt to predict survival or not I focus only on the Sex feature to make things easier The problem becomes now that by changing the random seed the results of the accuracy change incredibly For example one random seed gives me a score of 078 and another random seed gives me a score of 017 and different random seeds give more or less everything in between How can this significant change in score behavior be explained Also why does this change in accuracy become less significant when the nneighbors  2 or above Thanks in advance Here is the code in question gives output Massive difference in accuracy of KNN depending on randomstate']"
94,94,94_augmentation_data augmentation_data_image,"['augmentation', 'data augmentation', 'data', 'image', 'augmentation technique', 'beginbmatrix endbmatrix', 'beginbmatrix', 'dataset', 'endbmatrix', 'rotation']","['I am bit confused in the Mixup data augmentation technique let me explain the problem briefly What is Mixup For further detail you may refer to original paper  We double or quadruple the data using classic augmentation techniques eg Jittering Scaling Magnitude Warping For instance if the original data set contained 4000 samples there will be 8000 samples in the data set after the augmentation On the other hand according to my understanding in Mixup data augmentation we do not add the data but rather mix the samples and their labels and use these new mixed samples for training to produce a more regularized model Am I correct If yes then why is the Mixup method referred to as data augmentation Since we only mix samples and not artificially increase the data set size Why we call Mixup method is a data augmentation technique', 'In the specific context of imagevideo problems it may be okay to normalize the data before augmentation because you already know that each feature pixel will have a value between 0 and 255 As long as you normalize wrt the theoretical min and max value then the order of normalizationaugmentation shouldnt matter But in general data augmentation should always come first Otherwise the normalized features may be incorrect after augmentation operators are applied After all you can think of augmentation as gathering additional data The normalization computed on your original dataset may not be valid after gathering additional data To illustrate suppose we have a dataset consisting of three 2x2 matrices like this  beginbmatrix 0  0  0  200 endbmatrix  beginbmatrix 50  100  200  0 endbmatrix  beginbmatrix 100  200  0  0 endbmatrix  And suppose we decide that one good way to augment the data is to flip one or more of the images horizontally If we do that for the third image before normalizing Then the dataset becomes  beginbmatrix 0  0  0  200 endbmatrix  beginbmatrix 50  100  200  0 endbmatrix  beginbmatrix 100  200  0  0 endbmatrix  beginbmatrix 200  100  0  0 endbmatrix  And after normalization the dataset will be  beginbmatrix 00  00  00  10 endbmatrix  beginbmatrix 025  05  10  00 endbmatrix  beginbmatrix 05  10  00  00 endbmatrix  beginbmatrix 10  05  00  00 endbmatrix  This is the correct encoding of our dataset and it can be transformed back into the original feature space without errors Now what happens if we normalize first then apply our augmentation operators Again we start with our dataset of three matrices  beginbmatrix 0  0  0  200 endbmatrix  beginbmatrix 50  100  200  0 endbmatrix  beginbmatrix 100  200  0  0 endbmatrix  This time we normalize first Notice that the topleft feature has a range 0 100 in our dataset while all other features have a range 0 200 So after normalization the dataset becomes  beginbmatrix 00  00  00  10 endbmatrix  beginbmatrix 05  05  10  00 endbmatrix  beginbmatrix 10  10  00  00 endbmatrix  Now lets augment the dataset like we did before by flipping the last matrix horizontally The augmented dataset is  beginbmatrix 00  00  00  10 endbmatrix  beginbmatrix 05  05  10  00 endbmatrix  beginbmatrix 10  10  00  00 endbmatrix  beginbmatrix 10  10  00  00 endbmatrix  Oh no The last two matrices are identical in the normalized space But we know that they should represent two different instances And if we try to map these matrices back into their original form we would get incorrect results The last two matrices would be identical even though we know they should be flipped Usually the errors would not be this extreme but this example show why it is dangerous to normalize before augmentation After augmentation the features may not line up correctly with the original normalization', 'Im doing semantic segmentationfor cells using microscopy images Im exploring Unet and FCN DenseNets for the task In the Unet paper the authors have trained their model only from 30 images but have used data augmentation extensively specially elastic deformations I too have very little data 1520 annotated images Thus I too plan to use data augmentation Im also using elastic deformations Other techniques Im using Flipping Rotation Translation Shearing Random crops zoomout stretching Image Contrast and Gaussian noise This will increase my dataset 1020 folds Q1 My question is shall I use offline augmentation or ontheflyReal time augmentation From what Ive read so far use onthefly augmentation if dataset if large so to not make the dataset explode in size I know this is very generalised Ive also seen this on Kaggle For online data augmentation the model see one random generated sample only once hence generalises better Q2 Also Im using so many data augmentation techniques will that be even useful as the data set so small or shall I restrict myself to only some of these techniques Any help is highly appreciated Realtime or offline Data Augmentation for segmenting microscopy images']"
95,89,95_matrix_vector_product_dimension,"['matrix', 'vector', 'product', 'dimension', 'scalar', 'dot product', 'f f', 'dot', 'f', 'alpha']","['Keep in mind how matrix multiplication works with regards to the dimensions Multiplying a matrix with dimensions nm by a matrix with dimensions mk results in a matrix of size nk Therefore you can add as many rows as you like to the second matrix with no change to the shape of the result of the matrix multiplication But of course the first matrix needs to be compatible with this ie have the same number of columns as the second matrix has rows And that is exactly what is happening here ot  sigma Wo cdot ht1xtbo  The dimensions of Wo cdot ht1xt will not increase as Wo has a constant number of rows n and ht1xt has a constant number of columns k Therefore the resulting matrix will always be of size nk An alternative way to write the above equation eg see here and the post by chouc is otalt  sigma Woalt cdot ht1  Uo cdot xtbo  Here the concatenation is simply split into two separate terms Woalt cdot ht1 and Uo cdot xt which are added While in your notation Wo contains the weights of Woalt and Uo But the result is the same', 'In Sutton  Barto vectors are considered column vectors by default So if you have this kind of product mathbfamathbfbT where mathbfa and mathbfb are d dimensional vectors it does not calculate the scalar product Instead it treats both vectors as matrices and calculates a matrix product which will be a d imes d matrix because you are multiplying a d imes 1 matrix by a 1 imes d matrix Worthing noting that the scalar product can also be calculated as a 1 imes 1 matrix if follow the same matrix multiplication rules but with the first vector transposed instead mathbfaTmathbfb which leads to multiplying a 1 imes d matrix by a d imes 1 matrix This is why the value function approximation can be written as mathbfwTmathbfxt there is a small liberty taken of assuming a 1 imes 1 matrix is the same as a scalar value in terms of notation', 'When a vector or matrix has the superscript T it means the matrixvector is transposed Transposing a matrix or vector means flipping the matrix along its diagonal that is changing the elements such as the columns are rows and the rows are columns For instance When speaking about vectors we normally understand them as column vectors This means that a vector with n elements is a matrix of dimensions n imes 1 When two bidimensional matrices A and B are multiplied A cdot B the second dimension of A must match the first dimension of B Therefore if A is a vector of dimensions n imes 1 and B is a matrix of dimensions n imes m to compute A cdot B we need the vector A in transposed form to get the dimensions right that is AT B On the other hand if A is a matrix of dimensions n imes m and B is a vector of dimensions m imes 1 then we dont need to transpose B to compute A cdot B because the dimensions already match']"
96,89,96_ml_ai_machine_machine learning,"['ml', 'ai', 'machine', 'machine learning', 'learning', 'use ml', 'auto ml', 'market', 'people', 'book']","['Neural networks are essentially a black box especially big ones You could know even how it is designed and how it is training but you really do not know how it is working in the end In my work lots of people want to understand the model instead of using black box models This is the reason why companies choose to use linear regressions and polynomial models instead of using stronger machine learning algorithms like LightGBM and Neural Networks I never found a true answer to this question Some engineers are taught that you cannot use models that you cannot understand Therefore every model that is a black box is not usable for them This means that most of machine learning models are magic and heresy for them Though take this with a grain of salt this is my subjective experience Sometimes as the time passes these people are more willing to use data science methods because it becomes mainstream They start to trust the methods because others use them The situation is different on the higher level For hightier managers it matters less how to interpret the model but more what results it could give you They are more willing to try especially if there is a hype of something like artificial intelligence data science As a result I could only give you an advice to find some good support higher in the hierarchy of the company Someone who believes in data science more and who has more power in the company In data science community the performance of the model on the test dataset is one of the most important things people look at Just look at the competitions on kagglecom They are extremely focused on test dataset and the performance of these models is really good The only problem with performance on the test dataset is that it depends on the data in the test dataset If in real life you will have completely different data that will be outside of the bounds of the test dataset then the test dataset will not be able to give a good approximation of the performance of the model in real life', 'I wanted to begin with machine learning I went through the contents of the course on ML by Andrew Ng and found that though the course was based on mathematics but wasnt too much on the probability or statistics But in many university curriculua the book Probabilistic Machine Learning An introduction by K Murphy is being used and it seemed to be full of probability statistics etc I wanted to know if the ML  which is being used in the industry like the neural networks or other ML techniques  has any statistical or probabilistic foundation which is often not bothered or is it a new emerging field with mathematical basis which is not from probability or statistics I really want to know if the ML in academia is really the foundation part of the ML used in the industry or is it the ML in its old form And finally are the contents of the book Probabilistic Machine Learning An Introduction relevant in the ML being used today I am aware that these are quite broad and open ended questions from someone entering into the field I would be happy to informative answers or links Is probabilistic machine learning just the mathematical background of machine learning', 'If you would have posted this in quantF SE site the most people there would have argued that it is not possible with machine learning techniques to do trading  One can verify this because of the thread you linked in your comment  The underlaing argument they are making have something to do with Efficient Market Hypothesis Fama 1970 and the CAPM You can read more about that in the original article or on wikipedia The point is that the EMH is a scientific hypothesis that holds under certain circumstances Nothing more and less The research in the past decades proved the hypothesis in several markets and configuration But the problem  which has been fixed by Fama later  is the size premium and the value premium Because of this a lot of people eg Buffett and Graham relayed on value investing or fundamental strategies The EMH additionally builds the ground for the ETF hype  Im not saying that this isnt working It is just the only reliable product we have to invest in stock markets with sustainable return  If you think about how ETFs work you will quickly understand that one ETF build a large selection of stocks In statistical terms You widen your sample to get less bias but you also get lower variance What AI practitioners try to do and deeply believe is It could be that a human is not able to beat the market by picking stocks but a computer which is a excellent machine for pattern recognition  would be able to do it be able to pick a sample what represents the winners in every market situation For deeper diving in to this topic you can read the Article by Hsu et al 2016 They did research about if and how this could be possible The beautifully that Deep Reinforcement Learning brings us is that it learns itself to recognize the patterns hidden in the data extract the features and learn how to take the actions It is forecasting and action taking in one step For a deeper understanding of these algorithms and underlaying theory I would recommend you to read the book by Sutton and Barto 2018 It is like the bible in Deep RL Additionally you should watch the Deep RL course by David Silver and the updated one by other researchers of DeepMind A good starting point to understand DRL for trading with code is the ICAIF 2020 paper and Github Repo by Yang et al 2020 which I relay on for my masters thesis References Fama E 1970 Efficient Capital Markets A Review of Theory and Empirical Work The Journal of Finance 252 383417 doi1023072325486 Hsu MingWei Lessmann Stefan Sung MingChien Ma Tiejun Johnson Johnnie E V 2016 Bridging the divide in financial market forecasting machine learners vs financial economists In Expert Systems with Applications 61 pp 215234 Sutton Richard S Barto Andrew 2018 Reinforcement learning An introduction Second edition Cambridge MA London The MIT Press Adaptive computation and machine learning Yang Hongyang and Liu XiaoYang and Zhong Shan and Walid Anwar Deep Reinforcement Learning for Automated Stock Trading An Ensemble Strategy September 11 2020 Available at SSRN  or']"
97,87,97_epoch_accuracy_loss_validation,"['epoch', 'accuracy', 'loss', 'validation', 'training', 'model', 'train', 'overfitting', 'accuracy epoch', 'train loss']","['Its normal for the validation accuracy to start lower than the training accuracy especially in the first few epochs This is because the model is still learning and adjusting its weights to fit the training data better As the training continues the validation accuracy should improve and eventually converge to a stable value Fluctuations in validation accuracy are also common especially if the dataset is small or the model is complex Its important to look at the trend over multiple epochs rather than focusing on individual values If the trend is generally upwards then the model is likely learning and improving Regarding acceptable loss and validation accuracy it depends on the specific problem and the desired level of performance Generally lower loss and higher accuracy are better but its important to consider the tradeoff between accuracy and other factors such as computational resources and model complexity In terms of signs of issues the fact that the validation loss is decreasing while the accuracy is fluctuating could indicate overfitting where the model is fitting too closely to the training data and not generalizing well to new data You could try increasing the regularization such as dropout layer early stopping or weight decay or reducing the complexity of the model to address this However its also possible that your dataset is relatively easy to classify which could explain the high accuracy values', 'Im just getting started into the field of deep learning and I completed my first model training using PyTorch I decided to use a prebuild model from torchvision more specifically the mobilenetv2  on a custom dataset for binary classification I manage to get 100 accuracy for both training and test sets this particular dataset is not a difficult one so nothing weird about that What I dont understand is why the test loss seems to be several orders of magnitude higher than the train loss while the accuracy is 100 in both cases Could someone here explain me what is happening here I show you the training stats below Epoch 115 Train Loss 022990 Train accuracy 8848 Test Loss 210275 Test accuracy 9922 Epoch 215 Train Loss 003988 Train accuracy 9941 Test Loss 208563 Test accuracy 9922 Epoch 315 Train Loss 002211 Train accuracy 9941 Test Loss 205521 Test accuracy 10000 Epoch 415 Train Loss 001173 Train accuracy 9980 Test Loss 205332 Test accuracy 10000 Epoch 515 Train Loss 000499 Train accuracy 10000 Test Loss 204989 Test accuracy 10000 Epoch 615 Train Loss 000381 Train accuracy 10000 Test Loss 204952 Test accuracy 10000 Epoch 715 Train Loss 000171 Train accuracy 10000 Test Loss 204999 Test accuracy 10000 Epoch 815 Train Loss 000072 Train accuracy 10000 Test Loss 204971 Test accuracy 10000 Epoch 915 Train Loss 000045 Train accuracy 10000 Test Loss 204938 Test accuracy 10000 Epoch 1015 Train Loss 000035 Train accuracy 10000 Test Loss 204932 Test accuracy 10000 Epoch 1115 Train Loss 000029 Train accuracy 10000 Test Loss 204920 Test accuracy 10000 Epoch 1215 Train Loss 000025 Train accuracy 10000 Test Loss 204922 Test accuracy 10000 Epoch 1315 Train Loss 000022 Train accuracy 10000 Test Loss 204906 Test accuracy 10000 Epoch 1415 Train Loss 000020 Train accuracy 10000 Test Loss 204914 Test accuracy 10000 Epoch 1515 Train Loss 000018 Train accuracy 10000 Test Loss 204905 Test accuracy 10000 High validation loss high validation accuracy', 'This is an issue that I have come across over and over again Loss crossentropy in this case and accuracy plots that do not make sense Here is an example Here Im training a ReNet18 on CIFAR10 Optimizer is SGD with 01 learning rate 09 Nesterov momentum 1e4 weight decay The learning rate is decreased to a  at epochs 60 120 160 Initially the curves are all nice and dandy meaning training and validation loss are decreasing and accuracies are increasing Around epoch 6570 you see signs of overfitting as val loss starts increasing and val accuracy starts decreasing the red box There is still nothing strange here Now there are two things that dont make sense to me After epoch 120 where LR is decreased val loss and accuracy start improving for a couple of epochs the green box Why would decreasing the learning rate suddenly improve validation performance of a model that was already overfitting I would expect the drop in LR to actually accelerate overfitting After epoch 125 the blue box loss starts going up but accuracy keeps improving I understand that loss could go up while accuracy stays constant by the model getting more confident in its wrong predictions or less confident in its correct predictions But I dont get how accuracy can improve while loss goes up Making sense of loss and accuracy curves']"
98,87,98_bayesian_posterior_distribution_probability,"['bayesian', 'posterior', 'distribution', 'probability', 'markov chain', 'mcmc', 'markov', 'pxy', 'joint', 'chain']","['This may be an unpopular opinion to some but in my experience Bayesian statistics is not particularly useful in data science in industry for a couple of reasons A Bayesian approach is very useful when our questions are about statistical inference However in data science more often than not we are dealing with prediction There may be some situations where a Bayesian approach works better than a frequentist approach but I cant think of any off hand apart from where a conjugate prior is available in which case we are probably dealing with a very simple model Bayesian statistics usually requires a sampling such as Markov Chain or Hamiltonian Monte Carlo and this can be extremely computationally intensive even for relatively small datasets In industry we are often dealing with big data and a Bayesian model that requires MCMC or HMC just isnt practical Edit To address a comment to this answer I have a question about this how statistical inference is different from prediction As for my understanding prediction is usually about getting PYy  X where X is our data which is similar with statistical inference Prediction and inference are completely different With prediction all we really care about is the accuracy of the predictions and that is a relatively easy thing to determine  because the testvalidation procedure is minimising some measure of prediction error On the other hand with inference we care about the coefficient estimates and often their standard errors Often a researcher forms a hypothesis based on a theory of causes  eg does drinking coffee cause cancer and they will use a model to determine whether or not the data supports their theory and to what extent This is much much more difficult than prediction For one thing in causal inference the basic requrement is that we do not want the estimates for mathbfX to be biased  whereas in prediction we dont care if they are biased provided that we get good predictions for mathbfy and there are many many sources of bias in a regression model  bias can and does arise from confounding mediation differential selection and colliders Usually the crux of the issue is to decide which variables to include in the model in order to eliminate or reduce these biases With prediction we can use automated variable selection procedure in order to choose which variables to include feature selection With inference this is pretty much impossible because automated procedures cannot generally handle the above mentioned biases There is a detailed discussion of these issues in my answer to this question How Do DAGs Help To Reduce Bias In Causal Inference', 'The general idea is that there is a true joint probability pxy which can be factorized like pxy  pyxpx px basically measures the probability of observing the input x while pyx represents the true relationship between x and y We would like to learn a model distribution p hetax y which is factorized accordingly p hetaxy  p hetayxpx px can be considered the same in both cases so what we are trying to find is p hetayx as an approximation to pyx by optimizing the model parameters  heta In the case of regression we make the assumption that there is a function f hetax and the observed y is distributed normally around f hetax with noise variance sigma2 ie p hetayx  frac1sqrt2pisigma2 expleftfracyf hetax22sigma2 ight Since p hetaxy should approximate pxy as closely as possible we want to minimize the KLdivergence between the two  beginalign DKL left pxy  p hetaxy ight   int int pxy logleft fracpxyp hetaxy ight dx dy   int int pxy log pxy dx dy  int int pxy log p hetaxy dx dy endalign  Note that the first integral does not depend on  heta The second term can be further simplified using the facotization int int pxy log p hetaxy dx dy  int int pxy log p hetayx dx dy  int int pxy log px dx dy Here the second term does not depend on  heta Using all this we can write the optimization problem for the KLdivergence as  beginalign heta  extargmin heta DKL left pxy  p hetaxy ight   extargmin heta left  int int pxy log p hetayx dx dy ight endalign  Plugging in the model assumption about p hetayx this gives  beginalign heta  extargmin heta left int int pxy fracyf hetax22sigma2 dx dy  logsqrt2pisigma2 ight   extargmin heta left int int pxy yf hetax2 dx dy ight endalign  where we use that neither the constant shift nor the constant scale change the solution of the  extargmin heta This way we have derived the mean squared error as the loss for regression from probabilties and their factorizations The final step would be that we use the empirical risk to approximate the expectaion  integral ie  int int pxy yf hetax2 dx dy approx frac1N sumn1N yn  f hetaxn2  which repsoduces the mean square error as a loss', 'Hamiltonian Monte Carlo HMC comes up mostly in Bayesian statistics It belongs to a general class of sampling algorithms called Markov Chain Monte Carlo MCMC I think there is some confusion about what the purpose of HMCMCMC is Some brief nonrigorous background The goal of MCMC in the case of Bayesian inference is to generate random samples from the posterior distribution which we typically cannot derive in closed form All MCMC algorithms work by iteratively computing a ratio of probabilities that help determine if the sampler should stay where it is at currently and record another sample where it is currently at or to move to a different location of the posterior Where the algorithm proposes to move can be determined by a variety of ways one of which is HMC With the context above I think its not a fair comparison to ask whether HMC or any class of MCMC algorithm is better than pseudorandom number generation because the goal is to generate samples from a very specific distribution that we otherwise cant If we could avoid MCMC altogether say if we know the posterior has a closed form like in the case of conjugate priors then we would because MCMC is expensive We could do this by sampling from this known distribution using pseudo random number generation ie through the inverse transform probably as you suggest but again this is rarely the case In terms of MCMC being not random sampling when everything goes well computationally then MCMC generates a sample that is quite close to being a random sample from the posterior distribution It is not random in the sense however that we are just generating random numbers uniformly the values it generates are realizations from the posterior as described above']"
99,86,99_output_loop_e e_input,"['output', 'loop', 'e e', 'input', 'input output', 'e e e', 'e', 'output thanks', 'output try', 'expected output']","['Yeah my answer was indeed referring to the output after processing all words The final output will be different Precisely because the computations performed for each step are not as simple additions and are not commutative the order in which they are applied defines the final result', 'output will be', 'Output']"
100,82,100_logistic_logistic regression_regression_variable,"['logistic', 'logistic regression', 'regression', 'variable', 'logistic function', 'linear', 'logodds', 'logit', 'logistic regression model', 'probability']","['Yes logistic regression', 'logistic regression', 'I have a binary dependent variable t and categorical features We can even simplify to binary features since I can onehot encode the categorical variables In practice the onehot encoding induces collinearity in the binary features so for simplicity lets pretend we only have D binary features The purpose is to estimate the probability of t1 In principle I can use logistic regression But given the categorical nature of the input data they actually define a table of 2D cells So I could instead just estimate the proportion of t1 samples in each cell for example using maximum likelihood estimation I think this should be similar to the logistic regression in that both approaches assume a binomial likelihood function However the logistic regression assumes that the log odds are a linear function of the input variable which is not assumed under the density estimation procedure I think this assumption is not critical here given the binary nature of the inputs So the question is Are the two approaches different If yes in what aspect are they different One difference would be of course that the estimation method for logistic regression is iterative so in some cases there might be convergence issues One would be tempted to say that as D increases many cells in the table will be near to empty But I think logistic regression would suffer as well in those cases As additional questions connected to the first one Is there anything wrong in my line of thought Which of the two approaches should perform better logistic regression or density estimation for binary dependent variable and binary or categorical features']"
101,81,101_carlosmougan_thanks_shubhampanchal_desertnaut,"['carlosmougan', 'thanks', 'shubhampanchal', 'desertnaut', 'yes', 'pedrohenriquemonforte', 'julio', 'nicolasmartin', 'op', 'done']","['CarlosMougan Im not convinced thats what OP meant before your edit Their comment on your answer suggests the title was the intent But Ill wait for confirmation from them', 'CarlosMougan this alternatve didnt even cross my mind so thank you very much for your comment I certainly make mistakes from time to time and its really helpful when somebody points it out Do you want to write an answer yourself or I just fix mine', 'CarlosMougan  well NOW I am REALLY surprised Usually I am contradicted argued with or just deleted by the mods But if someone actually LIKES my system whoopee It does include the basics but its biggest failing is not having any provision for nonbinaries']"
102,81,102_nan_nan value_value_replace nan,"['nan', 'nan value', 'value', 'replace nan', 'priority', 'replace', 'missing', 'nan mean', 'set nan', 'column']","['I have a data set like so The RecOrder columns are rankings of how important they are For example a EmailRecOrder of 1 means is high priority Some of these rows wont have a ranking though and are left as NaN How should I handle something like this if I want to put it in a machine learning model I dont want to remove rows where there are NAs Should I just set NaN to some random number like 99 since rankings cant be negative I want to remove Handling NaN values in a feature representing prioritization ranking', 'Hamzawi  it doenst replace NaN to 0 it creates as much BINARY variables as potential values and when Value is NaN it assigns 1 to NaN value and 0 to others', 'I am trying to replace 2 missing NaN values in data using the SimpleImputer I load my data as follow As we can see I have 2 NaN values which I am trying to replace with mean values using SimpleImputer and I get the following error Because I have some categorical data hence the error I tried to take only the numeric columns so I tried this method But when I use missingvarsnumeric in the imputer I get the following error I also tried using astype and It did not work for me What am I missing Sample of the DataFrame Using Simple imputer replace NaN values with mean error']"
103,80,103_image_accuracy_validation_model,"['image', 'accuracy', 'validation', 'model', 'training', 'class', 'epoch', 'dataset', 'validation accuracy', 'result']","['I am trying to classify skin cancer images into two categories  malignant and benign Literatures suggest that using pretrained resnetvgg network achieves more than 90 accuracy However with my dataset whatever I try the validation accuracy can never be greater than 75 I am using a wellbalanced dataset where there are 500 malignant and 500 benign images in the training dataset The number of images is on a smaller end however the fact that I am using transfer learning and other literatures showing that with only 1000 images they could achieve more than 90 accuracy I believe theres something wrong with the transfer learning logic than the data itself I additionally have tried the followings Used different number of batches 8163264128 and different learning rates from 1e7 to 01 unfreezed change requiregradFalse to True the pretrained resnetvgg after the validation error platues and updated the weights for smaller epochs aka fine tuning the pretrained network after setting requiregradTrue after validation accuracy platues Decayed the learning rate using scheduler used other nets inception v3 GoogleNet rather than having one fully connected layer used dropoutFCreluFC This is the core logic and this is how I normalize my data I have tried cropping rotating and horizontalflipping none of these boosted the performance For now in order to preserve some relevant clinical features I decided not to touch the data Can someone please let me know what I could do to improve the model performance Without too much of a data preprocessing we think the model should achieve wellabove 85 accuracy in the validation set Transfer Learning on ResnetsVGGs  Validation accuracy can never be over 75', 'This is the first CNN Im designing following college examples and assignments Im working on a CNN that Id like to use to classify images by the number of shapes on them My basic problem is that I cant seem to get the CNN to respond accuracy and valaccuracy are flat after n EPOCHS I have varied n these along with Steps and Batch Size The images are 98 x 150 pixels and look like this This is 10 data squares on a by background The image set has been built by varying the position of the shapes on the image changing the background color 4 colors changing the shape color 3 colors changing the shape type square circle hexagon flipping the images verthoriz The images are stored in folders 126 with 1 having 1 shape per image 26 having 26 shapes per image There are 3300 images per folder totaling 86k images I have experimented with a lower number of shapes Heres an images of the trainingvalidation file counts The problem Im seeing is the model never seems to initialize in other words the accuracy and validation accuracy do not change much while training the model The accuracy and valaccuracy are very different to any models Ive worked with  normally I see a fast ramp rate which tapers off as the model trains In this case both are flat and never increase Even after larger EPOCHs Heres one of the models Ive tried Ive tried several variants of this model along with an AlexNET all yield the same results Im thinking that maybe the images are too simplevaried for the model to train Maybe putting the shapes on a pixelated background would help make them more complexvaried Im also wondering whether initializing the model with random weightsbiasses might help Im using Tensorflow 2x and dont know whether this is done automatically Does anyone have any thoughtsadvice on how I may improve the model and at least see accuracyvalidation increase rather than it being flat I could deal with overfitting later if it occurs Ive be very grateful for any advice  thanks in advance CNN Design for Counting on Simple Images', 'Im trying to build a model with Keras that predicts four classes of features from microscopy noisy images which cover about 10  30  of the image Im using Unet because my dataset is small 150 images for training and 30 images for validation As metrics Im using accuracy loss intersectionOverUnion and dice coefficient with the following results after 100 epochs of training Unfortunately when I display the original and the predicted image dont match each other as much as I expected based on the metrics above while it seems that cannot recognize the difference between the classes Is that possible  Below is the code from the metrics and Unet model that I built UPDATE Thanks to the helpful answers and even more research I think that the issue is in validation data 46 images because the learning curves for 100 epochs and learning rate 00001 are too noisy I tried to shuffle the data and decrease the learning rate to encounter the issue Thus I rerun the model with learning rate 000001 and 0000001 but in smaller learning rates while the validation loss and accuracy were less noisy the validation IOU and dice coefficient stucked in 30 in all epochs Its worth to mention that Im using early stopping callback with Accuracy as a monitored parameter but Accuracy is increased in all epochs thus without early stopping If I set any metric from validation the model stops in about 7 epochs without a useful result Any suggestion  Update After more research and experimentation I think that one of the main issues that contaminate the results was the batch size I increased the batch size in a level of 9 and decrease the input size from 512 512  256 256 while I decreased the learning rate in a level of 0001 also As a result the validation curve fluctuation limited in the first epochs Specifically I rerun the model with the following parameters input size 256 256 3 batch size 9 train dataset size 189 validation dataset size 46 Learning rate 0001 epochs 64 stopped with early stopping And the final results was loss 00813  accuracy 09320  dicecoef 09182  ioucoef 08532  valloss 00719  valaccuracy 09365  valdicecoef 09273  valioucoef 08696 But again when I display the original and the predicted image dont match each other as much as I expected based on the metrics from the final experiment Is still the model overfitting  Why is this happens  UPDATE After the recommendation of fswings I resplitted the data maintaining an equal number of classes in training and validation My final dataset size was 125 images for training and 34 for validation The other parameters are exactly the same with the last update above input size 256 256 3 batch size 9 train dataset size 125 validation dataset size 34 Learning rate 0001 epochs 44 stopped with early stopping The metrics of the last epoch was loss 00969  accuracy 09350  dicecoef 09022  ioucoef 08279  valloss 00818  valaccuracy 09299  valdicecoef 09175  valioucoef 08537 which looks quite good but again the validation loss and accuracy curves are very noisy While the prediction results are quite worse from the last update above Any suggestion  High image segmentation metrics after training but poor results in prediction']"
104,79,104_genetic_genetic algorithm_algorithm_individual,"['genetic', 'genetic algorithm', 'algorithm', 'individual', 'crossover', 'gene', 'generation', 'mutation', 'parent', 'solution']","['I would suggest using a genetic algorithm of some kind The idea is to assign hypothetical costs to each item then check how well the hypothesis matches the data you have An individual represents an hypothesis ie assignment of costs starting from random hypotheses the genetic algorithm might be able to converge to a solution I gave the following more detailed answer to a similar problem a while back Clearly this problem doesnt always have a unique solution but if you are interested in finding one possible solution you could try a simple genetic algorithm simulation Each individual gene represents an item from the list of all possible items Each geneitem is assigned a price randomly at first gene expression When a mutation is applied to a geneitem its price is slightly modified randomly A crossover causes a child gene to take as value the mean of its two parents genes This setting means that every individual in a population consists of all the items being assigned a particular price At each generation each individualassignment is evaluated by applying the prices assignment to the actual data and then measuring the error compared to the actual prices Finally the top N individualsassignments which perform the best are selected as parents for the next generation Eventually the population should converge to realistic prices assignments I think this is a perfect case for a genetic algorithm because the evaluation of a potential price assignment is a very simple calculation so there is no major efficiency issue repeating the process over many generations as opposed to many problems where evaluation is prohibitively expensive', 'I would try to use a genetic algorithm A simple representation of the problem in terms of a genetic algorithm would go like this A gene represents an instance its either selected or not boolean An individual is a set of selected genesinstances represented as a onehot vector An individual represents a candidate solution and it can be evaluated by simply calculating the mean and std dev of the subset at every iteration a candidate solution closer to the target mean and std dev is more likely to be selected The standard genetic algorithm works like this Randomly pick a set of say 100 individuals first generation Calculate the performance of every individual mean and std dev of the subset Select say the top 10 individuals according to their performance then produce the next generation of 100 individuals by crossover among these top 10 A crossover means picking two individuals A and B and producing a new individual with the value of every geneinstance taken from the same gene in either A or B Optionally add some random mutations to the new individuals genes Iterate again from step 2 Keep iterating unless some stop condition is satisfied for example the average performance over the last 5 generations doesnt increase anymore There are probably some good genetic learning libraries around but Ive never used any myself the basic method is fairly simple to implement', 'I would try to use a genetic algorithm A simple representation of the problem in terms of a genetic algorithm would go like this A gene represents one of the parameters An individual consists of assigning a value to each parameter An individual represents a candidate solution and it can be evaluated using the objective function The goal is that at every iteration a candidate solution is more likely to be selected if it performs well according to the objective function The standard genetic algorithm works like this Randomly pick a set of say 100 individuals first generation Calculate the performance of every individual Select say the top 10 individuals according to their performance then produce the next generation of 100 individuals by crossover among these top 10 A crossover means picking two individuals A and B from the top 10 and producing a new individual with the value of every geneinstance taken from the same gene in either A or B this choices between A or B is also made randomly for every gene Optionally add some random mutations to the new individuals genes Iterate again from step 2 Keep iterating unless some stop condition is satisfied for example the average performance over the last 5 generations doesnt increase anymore or just stop based on manual inspection There are probably some good genetic learning libraries around but Ive never used any myself the basic method is fairly simple to implement']"
105,77,105_test_test set_set_train,"['test', 'test set', 'set', 'train', 'widget', 'testing', 'test data', 'data', 'training', 'dataset']","['Well my mod ten example was that ID 12000 was placed in the test set based on its units digit so well go with that And then you go on to suggest that ID 12000 cannot be placed back in the test set next round No an unstable setup like that would not be correct We seek stability across rounds so ID 12000 is consistently placed in test and ID 12346 is consistently placed in train The black box training module might remember bits across rounds If we wanted an unstable chaotic setup with data leakage wed just be flipping coins on each round', 'I have predefined train and test sets On generating some statistics like valuecounts and checking the unique values I feel that there is a lot of difference between the distributions of the variables What should be done with this Suppose if I want to delete a column from the trainset for any reason like nearzero variance should I repeat the same for the testset even if there is no such problem in the testsets frequency tables I ran the following code And this is the output I compiled it for a better view and highlighted some extreme cases You might observe that for the column  the testset misses an entire category Then in order to see how many unique values my columns contain I ran the following code And here is the output So there are clear differences between the ratios of the percentage presence of unique values The question is should I Avoid taking any insights from testdata Do changes WRT the insights taken from the trainset only However every change I make should be replicated in testset as well Use testdata too for insights and do preprocess accordingly Do something to change the testdata to make it more balanced and representative Somethings else S test data is not a good representation of train data', 'm having a problem on the widget Test and score used for classification Im doing a classification on images and i would like to use the widget test and score with the option Test on test data I used select columns to select the feature category as target variable for the two datasets The training dataset is ordered in folders so in class with 1 image per folder The feature category is created by orange using the folder architecture For the test dataset the widget create feature create the feature classname using a substring of each image and then I create the target variable category using the widget create class Finaly the feature category is setted as target variable with select columns widget The two datasets are passed to the test and score widget with the option test on test data However I get the error Test and train dataset have different target variables I checked my datasets and i have the same target variable category Error message Test and train dataset have different target variables img src alt   Here is the widget select columns showing that my two target variable are setted The variable classname is a column to drop Classification with Orange error test and train datasets have differents target variable']"
106,76,106_metric_performance_expert_expert opinion,"['metric', 'performance', 'expert', 'expert opinion', 'evaluation', 'evaluation metric', 'performance metric', 'business problem', 'metric use', 'model']","['I agree with the first answer this is the most standard option Here is an alternative especially if one metric is more important than the other or if there are more than two metrics A simple bar plot where each group of bars represents a model with a specific color representing a specific metric The groupsmodels can be ordered by the most important metric Disadvantage the metric must have reasonably similar scales', 'Which metric or a metric not calculated is closest to your business problem or whatever you are trying to solve for Start with the metric that is closest to your issue and then work backwards to other metrics to gain insight and maybe tie breakers And the metrics above need a cutoff value Is that the optimal cutoff value for each model and the business problem', 'Is there any evaluation metric']"
107,75,107_shuffling_shuffle_shuffled_data,"['shuffling', 'shuffle', 'shuffled', 'data', 'index', 'training', 'batch', 'shuffling data', 'buffer', 'shuffle data']","['I first partition the timeseries data into train validation and test splits without performing any shuffling Each row is a window of ordered samples so my training data might be shaped  I then shuffle and batch the samples where each batch is shaped  I am shuffling the rows and not their contents the temporal ordering within each window is kept intact Why does shuffling yield better results than without shuffling Why does forecasting with an LSTM yield better results with shuffling', 'Im working on a regression problem to predict a variable y based on an input vector X with about 10 columns To split the data for training and testing I use the method Here it can be seen that X and y are shuffled entirely along with their indices For the purpose of this example I will consider only one algorithm  When I train the regressor with Xtrain and ytrain from the above method I get certain results which I consider good For my application I would need the model to predict for cases with sequential data as they would be if not shuffled Therefore I tried the following method to shuffle the training data alone and keep the testing data as is In the above method I first split the data into testtrain indices and then shuffle the training data alone and keep the testing data with their original indices When I train the regressor with the exact same parameters as before and test with Xtest I get significantly poorer results I have also tried with both train and test data without shuffling and got bad results as well I want to be able to train the model so that it can predict for unknown values coming in a sequential order as it would be in real time Im not able to understand why the shuffling of the test data alone affects the performance as the model should merely be predicting based on the trained parameters which entirely depend on the training data Regression performance varies hugely on shuffling training and testing data', 'Edit Ive experimented a few times shuffling the data at various steps It seems that as long as I restart the python kernel and reset the dataframe indices the performance is good Im still not sure why the models tank if I dont do these things I am attempting a multilabel classification problem When I run RandomForest on the data without shuffling the results are quite good in some cases suspiciously so Example Notably two of the labels b and c are completely sorted All samples labeled b are at the beginning of the dataset and all samples labeled c are at the end b and c are mutually exclusive Additionally the data is ordered by two of the features feat1 and feat2 in the example Without shuffling the data labels b and c are predicted nearly perfectly and the other labels are reasonably good After shuffling the data the performance for all labels decreases significantly I assume that information is leaking somehow due to the order of the data However I cant figure out how The data is stratified when split so the ratios of labels are close to equal in the train and test sets Anyone run into a similar issue before or see where Im going wrong Note this is not timeseries data Also I shuffle the data after labeling and before splitting into traintest normalizing imputing etc Note 2 Somehow after killing the jupyter notebook kernel and running through the pipeline again this time shuffling before labeling the data the performance is now good again I really dont understand whats going on Is random forest not starting from scratch somehow Shuffling data yields significantly worse performance']"
108,73,108_dropout_layer_dropout layer_neuron,"['dropout', 'layer', 'dropout layer', 'neuron', 'network', 'regularization', 'node', 'dropout regularization', 'apply dropout', 'input layer']","['I would just set your missing values in the input layer to zero or equivalently apply your binary vector as a mask to the input layer This would be in effect the same as applying dropout to your input layer but with a crucial difference  instead of data being dropped randomly the actual nature of the data determines which data are dropped This may actually be important and therefore you are giving the network an opportunity to learn this I disagree with famwoodpecker when they say that 0 is a meaningful value in the sense that introducing zero implies introducing unwarranted spurious meaning and therefore should be avoided As explained above it would be like using dropout and there is a large body of positive evidence about this in terms of regularisation sparsity ensembles of networks etc Response to comment The diagram at the top of the second page of the original paper clearly shows that dropout is applied to the input layer as well as hidden layers I have no idea about the effect of applying dropout to the input layer only I would suggest applying dropout to the hidden layers as that is what I meant about the above mentioned positive evidence with the twist that the dropout to the input layer has already been applied by the virtue of the missing input data being set to a zero value During training any flag to apply dropout to the input layer should be set to false as your data preprocessing setting zeros would have already taken care of this', 'To implement this correctly you need to understand exactly how Dropout works and where to change SciKitLearns class to implement it Ill start with an explanation of Dropout followed by the specifics of implementation Skip to the end if you just want the code snippet Understanding Dropout The image below shows dropout visually and is taken from the canonical Dropout paper by Srivistava and Hinton et al The method is a form of regularisation that approximates averaging the predictions of hundreds to hundreds of thousands of smaller networks without massive computational overhead For more details read the paper above for even more details read this paper and this paper For a simple overview watch Andrew Ngs video on the topic Put simply Dropout switches off nodes in a Neural Nets layers creating a series of smaller networks for your model to train on It does this whilst preserving the overall architecture of your Neural Net To create the smaller networks each node is switched off randomly with a probability P a new hyperparameter which makes the architecture of the smaller networks random Training on varying randomised architectures prevents nodes from CoAdapting and overfitting the noise in your data Dropout is only applied during training once the network is trained it uses its complete architecture to make predictions Technical Details From a technical point of view there are two things to consider the Forward Pass and Backpropagation Forward Pass In the forward pass the smaller network is created by building a Dropout Mask that sets the activation function of each switched off node to 0 and multiplies the activation function of the remaining nodes by 1P Multiplying the remaining nodes activation functions by 1P is known as Inverted Dropout This method ensures that the network sees the same scale of activations nodes output values in training as it does in testing Without this scaling switching off nodes with a probability P will scale the size of the activations by 1P If this isnt counteracted the network will be trained to make predictions on lower activation levels node output values This becomes an issue at test time when the entire network is used which makes the activations on average 1P times larger ruining the networks predictive ability Once the Dropout mask has been applied the input is passed through the network normally Backpropagation To understand how backpropagation works with Dropout its worth adding an excerpt from the canonical Dropout paper It states that backpropagation should be performed on the thinned network only which means we have to prevent the algorithm updating the weights of switched off nodes forwards and backwards connections as well as their biases intercepts This prevents nodes being trained on predictions that they contributed nothing towards Implementing in SciKitLearn To implement this model you need to understand SciKitLearns model design This webpage from SciKitLearn goes over the development of new estimators However developing a whole new estimator is not necessary instead well create a subclass of called  I have assumed a base level of understanding in Python in Classes Objects Methods Functions etc so if you dont understand Python I suggest you learn that first I will post the entire code snippet at the end of this post so skip to the end if you just want the answer Keep reading if youre interested in the specific changes you have to make 1 Imports To subclass you will need the following imports add them to the top of your file or Jupyter notebook 2 Adding a Dropout Hyperparameter To control dropout in your new model youll have to add a Dropout hyperparameter to the classs initialisation This can be done by adding a new parameter to your subclasss initialisation function which you can see at the bottom of in the following code snippet The additional parameter is set as an internal attribute of the estimator and calls initialisation function with the remaining parameters as normal 3 Passing The Architecture  This next step is not strictly necessary but seems to follow SciKitLearns design principles is a variable instantiated by that defines the node architecture of the Neural Net To create the Dropout mask we need to pass this variable to the forward pass and backpropagation methods Their are a couple of class methods that call forward pass and backpropagation but assuming youre using Stochastic Gradient Descent the method were interested in changing is  which is passed the parameter In s call to  the function used by to perform the forward pass and backpropagation we add parameter To see this in context skip to the complete code snippet below You also need to edit so that it can accept  4 Creating the Dropout Mask To create the dropout mask you can use the variable and the hyperparameter to create a list of numpy arrays that mask the activation functions of the nodes This creates a dropout mask that matches the size of each layer and adds it to a list The first mask is for the input which is set to all 1s in this implementation Sometimes dropout is performed on the input nodes but usually only in tasks where loss of a percentage of input data is minimally important For example image recognition For tabular data this should be avoided 5 Applying the Mask in the Forward Pass The method is called from inside of and must be updated to accept a variable First within  and then in the method definition has a default of so that can be used exactly like if you wish to have a dropout of zero Assuming you are using Dropout the are applied within by adding the following code to the forward pass for loop s for loop iteratively assigns activations to a list Multiplying the layers activations by its corresponding mask makes the algorithm behave as if the masked nodes have been switched off 6 Applying the mask in Backpropagation Finally the mask must be applied again in backpropagation as includes a regularisation term that will update the weights of every node in a network regardless of their inclusion in the forward pass The function calculates these gradients for you and then passes them back to  which updates the models coefficients weights and biases To follow the algorithm exactly and update the thinned network only you must zero out the coefficient gradients that correspond to switched off nodes You can do this using the by adding the following code to the end of  The first line in the for loop defines a new that no longer includes a scaling factor The second line zeroes out the coefficient gradients for the weights connecting to switched off nodes in the current layer from the previous layer The third line zeroes out the coefficient gradients of all connection weights passing from switched off nodes in the current layer to the next layer The fourth line zeroes out the bias SciKitLearn calls it intercept gradients of all switched off nodes in the current layer 7 Complete Code At this stage all the changes you need to make are complete Please see the complete code for a new class below Basic tests show that this model is marginally better than', 'Firstly why do we use dropout in the first place Dropout is a regularization technique designed to improve generalization and prevent overfitting With this in mind you should not necessarily expect dropout to improve your validation accuracy If you see a large divergence in trainval accuracy indicative of overfitting you should probably add more dropout However that may have the effect of lowering train accuracy without lowering validation accuracy There is not necessarily a relationship between applying dropout and improving validation performance Secondly consider the distinction between the location of dropout and the magnitude of dropout Two scenarios Apply 90 dropout only in the model head Apply 01 dropout after every layer The first is likely to be more aggressive than the second as it applies more dropout overall despite being applied in fewer places In terms of where to apply it it depends on what model architecture you are going for Wide resnet tends to go  A more simple cnn might go  There are many configurations You can try add dropout wherever you see fit at a low dropout percentage See how that impact the model trainval accuracy and tune params']"
109,72,109_clarify specific problem_additional detail highlight_written hard_written hard tell,"['clarify specific problem', 'additional detail highlight', 'written hard', 'written hard tell', 'need currently written', 'clarify specific', 'please clarify specific', 'problem provide additional', 'detail highlight need', 'detail highlight']","['Please clarify your specific problem or provide additional details to highlight exactly what you need As its currently written its hard to tell exactly what youre asking', 'Please clarify your specific problem or provide additional details to highlight exactly what you need As its currently written its hard to tell exactly what youre asking', 'Please clarify your specific problem or provide additional details to highlight exactly what you need As its currently written its hard to tell exactly what youre asking']"
110,71,110_constraint_optimization_problem_solver,"['constraint', 'optimization', 'problem', 'solver', 'purchase price', 'maximize', 'rent', 'function', 'solution', 'programming']","['I am trying to optimize the parameters of a global optimization system for my set of data because I will have a bunch of similar data to process so I need to fine tune the global optimizator so that it can find the minimum of a function in a reasonable time The parameter optimization takes a very long time and it only has to be done once after which I will just use the best combination and just run those on the other similar datasets hopefully finding the best value there too The global optimizator that I use is called differential evolution and I use the python umpyscipy package implementation of it Here is the wikipedia definition and the relevant papers in the references The problem is that its extremely slow to sample enough combinations of the parameters to find any kind of trend which would suggest me and kind of pattern that I should follow My problem is especially with the parameter which is defined as npstdpop  atol  tol  npabsnpmeanpopulationenergies Which exits the optimizer if the standard deviation of the population goes below the average of the population energy The tricky part is that if the as per default then the optimizer exits quickly and gives you a low accuracy value so I run it multiple times if I set it to a very low number then it doesnt exit at the above criteria but it exits at the value the maximum number of iterations the function is allowed to do So either I run it with a big tolerance many times or with a small tolerance few times the question is which exit clause is better What I am measuring is which value can give me the best value within a given amount of time currently 2 hour per set and I group them as 1e011e021e10 batches testing which batch will give me the best value in the given time I am testing it now as we speak however the low tolerance values are very hard to sample because it takes 30min for one to be done so I would need a sample size of 200 from each which would take just too much to compute My data is 15 dimensional and I only allow 90000 evaluations in total per run 15popsizemaxiter which with a low tolerance rate like 1e10 gets hit very often which makes drawing samples very slow Is there any other way to find the best tol parameter I would guess a higher one is better because exiting with a condition is more efficient than just brute forcing through an arbitrary set of cycles but only if the shape of my data is favorable enough and I have no way of knowing Is there any literature on what the rule of thumb best parameters are for the differential evolution global optimizer that on average is optimal for all functions I suspect the optimal range to be around 1e41e0 but I have no way of proving it but if its true then optimizing the other parameters would be a piece of cake as calculations within this tolerance range are very quick Differential Evolution optimal tolerance parameter', 'The two other answers are great in themselves but I thought it would be a good idea to compare the 3 solvers for the problem given in the question So here we go Comparing Solvers for Convex Optimisation in Python Problem Description We compare   and for solving a convex optimisation problem The objective is to minimise the sum of absolute errors  extMinimise  sumi1n Ai x  yi  subject to bounds on the decision variables  lj leq xj leq uj  forall j in 1 2 dots m  Python Implementation The following code implements the problem using all three solvers and measures their performance Results Analysis is the fastest making it ideal for small simple problems with smooth objectives is slower due to problem reformulation but supports complex convex optimisation problems with advanced constraints is the slowest owing to its focus on flexibility and largescale model customisation Recommendations Use for smallscale optimisation where speed is crucial Why Speed was the fastest among the solvers with a runtime of  This is due to its lightweight design and efficient implementation of algorithms like SLSQP Simplicity Its API is straightforward for smooth optimisation problems making it suitable for cases with basic constraints and objectives Limitations It lacks builtin support for handling nonsmooth objectives complex constraints or largescale problems Opt for for more complex convex models or when flexibility in solver choice is needed Why Flexibility reformulates problems into a canonical convex optimisation form allowing users to handle advanced features such as nonsmooth objectives general convex constraints and custom solvers Solver Choice It supports multiple solvers eg OSQP SCS and ECOS providing flexibility for different problem types Performance TradeOff Although slower  its generality makes it ideal for complex convex problems The slight delay is acceptable given its versatility Limitations Overhead in problem reformulation makes it slower for simpler tasks and it lacks direct support for nonconvex or mixedinteger programming Choose for largescale problems mixedinteger optimisation or structured modelling requirements Why Modelling Power excels in algebraic modelling supporting linear nonlinear and mixedinteger optimisation Scalability Its structured approach makes it better suited for largescale industrial applications and complex models Solver Integration integrates with solvers like GLPK CBC and IPOPT making it robust for a wide range of problem types Limitations It was the slowest  with significant overhead due to its focus on modularity and extensibility Decision Criteria for Recommendations', 'Problem I am trying to create a process that determines the rent and purchase price of a home that gives me a capitalization rate of 008 for instance Background Normally I calculate the capitalization rate by estimating revenue operating expenses net operating income and other fees associated with buying a home The capitalization rate is then I normally use a more refined version of the cap rate called the stabilized cap rate which takes into account initial costs for purchasing the home closing the deal and possible shortfalls In this process I have an initial rent estimate purchase price estimate all my operating costs and everything i need to calculate the stabilized cap rate But I am not sure how I can reverse this process such that given a stabilized capitalization rate I can find the rent purchase price pair that produces that stabilized capitalization rate Many rent purchase price combinations will give me a value of 008 but I am trying to find a quick way to get this pair and then apply different constraints on it such as maximim purchase price and maximize rent such that stabilized capitalization rate is 008 or minimize rent and maximize purchase price such that the stabilized capitalization rate is 008 Solution attempts I have a brute force approach but it takes too long to run I havent timed it but maybe an hour and I tried using the scipy optimize library with the minimize function but did not get good results from any of the optimizers Can anyone point out what I am doing wrong or give me some direction on how I should go about doing this from scipyoptimize import minimize Update see my answer below for explanation of solution No code provided though Message if you need help or code Optimization problem of find a pair of values x y such that they produce an output z']"
111,68,111_causal_causality_causal inference_effect,"['causal', 'causality', 'causal inference', 'effect', 'graph', 'causal graph', 'inference', 'control', 'revenue', 'causation']","['I like the idea of using a dynamic Bayesian network to build a causal structure however am unsure how to tackle timeseries data where there is an irregular sampling resolution Specifically in a sport scenario where there are 2 teams and samples are events which occur irregularly Ultimately I would like to explore causal effects of interventions in this data Someone recommended the use of an SSM To my understanding when it is discretised it could be represented as a DAG Then I have a structure to represent these causal relationships Other workflows could be this library  using ARIMA to detrend the timeseries data then use some sort of Bayesian inference to capture causal effects using a SSM to create a causal structure and Bayesian inference to capture causal effects making use of the CausalImpact library Although I suggested 2 libraries I like the idea of setting out a proper causal workflow rather than letting a library do everything This is just so I can understand causal inference better I initially came across this interesting paper  which doesnt seem to work with irregular sampling resolutions Im quite new to causal inference so any critique or suggestions would be welcome Many thanks Creating a causal DAG for irregular timeseries data', 'Your post has 2 questions so I will try to answer both Difference between Causal Inference CI and Sensitivity Analysis SA Sensitivity Analysis SA can be described as the following Naik  Kiran 2021 a popular feature selection approach employed to identify the important features in a dataset In sensitivity analysis each input feature is perturbed oneatatime and the response of the machine learning model is examined to determine the features rank This definition shows that SA gives you a ranked list of the important features in your data which is very good insights as to which feature to usefocus on can also do this after feature engineeringtransformations to check if they would be useful On the other hand the goal of Causal Inference CI requires you to identify a causal graph from your data which can then be used in your model to A make predictions and B query the model for insights that traditional ML methods cannot give such as interventions This causal graph that you need to build explains the cause and effects between the features and the target and between the features themselves For example lets say we have 2 features X and Z and a target Y This shows that X directly affects the target but also indirectly affects the target via the feature Z Its this type of information that CI takes into account that SA doesnt Manual VS automatic graph construction You can do either manual graph construction automatic graph construction or a mix of both A manual graph construction implies that you have enough knowledge about your datadomain to create a causal graph yourself which features impact one another and which impact the target  the relationship of that impact eg the direction of the relationship and the type The goal is to end up with a DAG Directed Acyclic Graph with no loops between your features and their connections However you dont always have this knowledge at hand so you can do automatic graph construction to get started To simplify the search space you can do Sensitivity Analysis to highlight the most important features and focus on the most important ones at first to build your causal graph The output of automatic graph construction algorithms is rarely perfect so this is where the mix of both comes in you manually fix the automatically created graph with knowledge that you have about your data which will allow you to correct relationships between your features correct the direction or the relationship between them And at the end of the process you hopefully have a DAG that you can pass to your model along with your data Readings I recommend reading the following The Book of Why by Judea Pearl for an introduction to causal inference causaLens White Papers for some realworld cases and some more advanced concepts from the causaLens Knowledge Hub Hope this helps References Naik DL kiran R A novel sensitivitybased method for feature selection J Big Data 8 128 2021', 'When you say how various aspects of a movie contribute to its gross revenue Im assuming you want If I were to change A1 of a movie how would its gross revenue be affected Which is a causal statement With this assumption in mind I will rewrite Approach 1 and 2 Approach 1  Dont control for anything and measure the effect A1 has on revenue Approach 2  Control for everything and measure the effect A1 has on revenue Both have fundamental problems stemming from how the data was generated and how attributes affect each other Approach 1s problem is confounders attributes that affect both A1 and revenue Heres a good example of a confounder It has been seen that children with a larger shoe size have a better reading ability The trick is that age affects both reading ability and shoe size the older you get the larger your shoe size as well as generally better reading ability That make age here a confounder of shoe size and reading ability So for the movie example genre might affect runtime as well as revenue making it a confounder of runtime and revenue Approach 2s problem is colliders and potentially mediators A collider is an attribute that A1 and revenue affect For example if we say that both talent and beauty contribute to an actors success then if we look at successful actors we will see a negative correlation between beauty and talent basically saying being beautiful makes you less talented The reason for this is because if we see an actor is unattractive that increases our belief that the successful actor is very talented instead Here success was the collider and when we controlled for it it warped our connection between talent and beauty An example in the movies might be that the number of reruns of a movie is affected by revenue and runtime making number of reruns a collider of the two thus if we control for it it will warp the relationship between runtime and revenue in ways we dont want Another potential problem with Approach 2 is mediators attributes that affect revenue and are affected by A1 An example of a mediator would be Fire  Smoke  Fire Alarm Fire creates Smoke which triggers the Fire Alarm If we were to control for Smoke we would be removing the mechanism Fire uses to trigger Fire Alarm which would lead us to believe that Fire cant trigger Fire Alarm which is technically true fire itself doesnt trigger the Fire Alarm fire doesnt have a direct effect on Fire Alarm We have to be aware of the mediators and that controlling for them turns the total effect of A1 on revenue into the direct effect A1 has on revenue So If youre looking for the total effect then Approach 2 falls victim to mediators as well if you want the direct effect that would make Approach 1 falls victim instead These are the fundamental flaws with Approaches 1 and 2 but theres also the problem of too small bin sizes that would just be mostly noise nicely explained in David Cians answer You can fix this by either getting more data or making more assumptions eg assuming 10 minutes in a movies runtime wont make a difference and binning runtime into 10 minute wide bins So in conclusion for Approach 1 and 2 If you want to do something like Approach 1 and 2 you need to do a mix of the two Find out what attributes are confounding and control for them then you can safely measure how revenue changes as A1 changes and rank the attributes based on that Of course to find the confounders you need to know the model from which your attributes were generated from known as a Causal Model which can be tough to find Theres a great book on of this The Book of Why by Judea Pearl I highly recommend it if youre interested in this sort of thing Now lets talk about Approach 3 the more volatile approach I would say The thing is many algorithms can measure feature importance and its hard to say what exactly the algorithm looks for when it says important one thing is for certain though it wont measure If I were to change A1 of a movie how would its gross revenue be affected But if you want an answer Random Forests dont make any assumptions about the data and have a nice way of measuring feature importance However of course they are highly parametric and will just memorize ie overfit the data if left unconstrained so you need to do quite a bit of parameter tuning Another model I like is the KNN it doesnt assume much about the data just that its all on the same scale which is easy to do and doesnt have many parameters you have to finetune just number of neighbours really however it unfortunately doesnt have a good way to measure feature importance I did come up with an algorithm to find feature importances involving the KNN though how it works is it goes through every feature and temporarily removes it then it finetunes a KNN to it and measures the accuracy and assigns the accuracy to the feature the lower this accuracy the more important the feature is However in the end the algorithm I would recommend if youre going with Approach 3 is the Random Forest Conclusion What assumptions do I need to check for approach 1  Make sure the bins are large enough to contain meaningful information this also applies to Approach 2 Are there any potential flaws or gotchas in approaches 1 and 2  Approach 1 falls prey to confounders Approach 2 falls prey to colliders and you need to keep in mind mediators What approach would you prefer out of the three  Approach 3 because the other two approaches have fundamental flaws but if there was an Approach 4  Find all of the confounders control for them and measure how revenue changes with respect to A1 I would choose that instead What ML model should be used for approach 3  I recommend the Random Forest']"
112,68,112_example_give_added_added example,"['example', 'give', 'added', 'added example', 'could give', 'give example', 'example could', 'please', 'example please', 'example thanks']","['but all worked examples state otherwise These are examples in your course Does every person have one of the four countries listed', 'I am really struggling on finding a working example for tfagentsagentsPPOClipAgent for instance for the simple CartPoleV1 environment Does anybody have one or a link to a good example I tried to use it but it doesnt learn anything so I wrong for sure something Thank you A working tfagentsagentsPPOClipAgent example for reference', 'There is an example of this here']"
113,68,113_epoch_batch_number epoch_train,"['epoch', 'batch', 'number epoch', 'train', 'first epoch', 'time', 'training', 'epoch first', 'number', 'episode']","['I dont know if I understood correctly the question but basically epochs are the unit of measure of the time spent on training the machine learning models An epoch is conventionally considered as a full pass on the dataset meaning that for each epoch you feed the data to the model from the beginning to the end of the dataset Once an epoch is complete you can start again another epoch training your model from the beginning of the dataset to the end and so on and so forth The convergence of the performance of the models is of course dependant on the epochs because usually what happens is that the more epochs you train your model the less noisy more stable will be the predictions Hope I answered your question', 'An epoch is not a standalone training process so no the weights are not reset after an epoch is complete Epochs are merely used to keep track of how much data has been used to train the network Its a way to represent how much work has been done Epochs are used to compare how long it would take to train a certain network regardless of hardware Indeed if a network takes 3 epochs to converge it will take 3 epochs to converge regardless of hardware If you had used time it would be less meaningful as one machine could maybe do 1 epoch in 10 minutes and another setup might only do 1 epoch in 45 minutes Neural networks sadly are usually not able to learn enough by seeing the data once which is why multiple epochs are often required Think about it as if you were studying a syllabus for a course Once you finished the syllabus first epoch you go over it again to understand it even better epoch 2 epoch 3 etc', 'I am reproducing the results from Hindsight Experience Replay by Andrychowicz et al In the original paper they present the results below where the agent is trained for 200 epochs 200 epochs  800 episodes  50 time steps  8000000 total time steps I try to reproduce the results but instead of using 8 cpu cores I am using 16 CPU cores Fetch Push I train the for 80 epochs but with only 50 episodes per epoch Therefore 80  50  50  200000 iterations I present the curve below generated using two random seeds After 20 epochs  50000 iterations we solve this environment In the paper above it took the original authors 100 episodes  4000000 iterations to do so How is my algorithm converging 50 times faster Pick and Place I train the for 80 epochs but with only 50 episodes per epoch Therefore 80  50  50  200000 iterations I present the curve below generated using three random seeds and logger output for the first two epochs showing that indeed I have 50 episodes per epoch Now as can be seen from my tensorboard plot after 40 epochs we get a steady success rate close to 1 40 epochs  50 episodes  50 time steps  100000 iterations Therefore it took the algorithm approximately 100000 time steps to learn this environment The original paper took approximately 50  800  50  2000000 time steps to achieve the same goal How is it that in my case the environment was solved nearly 20 times faster Are there any flaws in my workings above Surely I am doing something wrong right Results are also faster than another paper which also uses 19 MPI workers As stated in this paper We train for 50 epochs one epoch consists of 19 2 50  1 900 full episodes which amounts to a total of 475 x106 timesteps It took around 2000000 timesteps to reach a median success rate of 09 SUMMARY Any suggestions on what I may be doing wrong would be appreciated Code Reddit thread EDIT  Logging Logging process shows that the rank 0 worker is reporting results Inside  The function responsible for writing all diagnostics is inside  Code can be found here  Hindsight Experience Replay HER results obtained 50 times faster than original paper']"
114,67,114_weight_class_class weight_sample weight,"['weight', 'class', 'class weight', 'sample weight', 'weight class', 'cost', 'sample', 'weighting', 'loss', 'class b']","['If you assign to each instance the weight of the corresponding class the effect will be similar and sometimes exact I say similar because there are methods which uses sample weighting intrinsically for example AdaBoost or almost all the types of decision trees but they do perform also some arithmetics with those weights which can lead to different results For example in CART trees instances have a weight and if it happens that at a test node to have a missing value the same instance goes into both child nodes but with weights splitted their sum is equal with the original weight So instace weights could have a more granular effect and perhaps a better resolution and in the end maybe a better performance A second way often encountered in modelling is to introduce learning bias into the problem Take for example weighted linear regression The learning bias is your knowledge about how much you trust the value of an observation It can be done automatically for example judging how much variability has the observation relatively to its neighbour observations high variance means less trustful value The same idea of encoding trust into observations could be pushed into any classifier if it allows you to weight instances A last note is that a common interpretation of class weighting is in terms of cost of error how much it will hurt you if a class A instances is predicted as class B instance and instance weighting is usually encoded like how much trust do you have in an observation or alternatively how much do you want that that observation and similar with that one to be correctly classified And as I said in the beggining they can have a similar effect Class imbalance is just a particular problem to be solved instance weighting allows you to solve this problem and also other issues related with your data', 'The point of setting class weights is to manipulate the loss function to put more focus on the minor label In fact each of the data point passed to your learning algorithm will contribute information to help your loss function By making the weight of a minor instance bigger you say to your loss function that it should put more focus on that particular features label The most intuitive way class weights making impact this way is by multiplying the loss attributed with that observation by the corresponding weight So imagine you have 2 classes in your training data Class A with 100 observations while class B have 1000 observations To make up for the imbalanced you set the weight of class A to 1000  100  10 times the weight of class B which would be 10 01 In general for multiclass problem you would like to set class weights so that for each class  of observations for this class  class weight  constant A If you choose A  1 then class weight for a class  1   of observations for that class Below is quoted from doc weight optional A list of length numlabels containing the weights to assign to each label for loss calculation Regarding what particular way to set class weight its as simple as trying and evaluating what works based on your accuracy metrics', 'I am generally trying to take into account costs in learning The setup is as follows a statistical learning problem with usuall X and y where y is imbalanced roughly 1 of ones Scikit learn usually offers wights parameters where you can set up weights matching imbalance So the weights are depending on the target Assigning weights will transform the log loss into weighted log loss as seen below  extLog Loss  frac1N sumi1N left yi loghatyi  1  yi log1  hatyi ight  extWeighted Log Loss  frac1N sumi1N wyi left yi loghatyi  1  yi log1  hatyi ight As you see the weights w is constant on each classes and only depends on yi I am generally looking for specifying the weights in terms of errors costs More specifically I have costs associated with c11 cost associated with True Positives correctly identified positives c01 cost associated with False Positives Type 1 error c10 cost associated with False Negatives Type 2 error c00 cost associated with True Negatives correctly identified negatives With three subcases cyi11 cyi01 cyi10 cyi00 depends only on classes typically I have classifications costs for each classes 8 parameters in total ci11 ci01 ci10 ci00 depends on instances so I have four values for each instances ci11hatyi ci01hatyi ci10hatyi ci00hatyi depends both on instances and models outputs It appears the loss can be rewritten as  extCostSensitive Log Loss  frac1N sumi1N left yi cdot left C10 cdot loghatyi  C11 cdot log1  hatyi ight  1  yi cdot left C01 cdot loghatyi  C00 cdot log1  hatyi ight ight So that it would be solved by custom losses Is there a generic way to handle these cases ideally within scikitlearn or scikitlearn compatible frameworks  Taking into account instance cost in learning']"
115,65,115_discussion chat_let u continue_u continue discussion_u continue,"['discussion chat', 'let u continue', 'u continue discussion', 'u continue', 'continue discussion chat', 'continue discussion', 'chat let', 'chat let u', 'discussion chat let', 'chat']","['Let us continue this discussion in chat', 'Let us continue this discussion in chat', 'Let us continue this discussion in chat']"
116,65,116_identify adequate answer_enough detail identify_edit question limit_limit specific problem,"['identify adequate answer', 'enough detail identify', 'edit question limit', 'limit specific problem', 'detail identify adequate', 'detail identify', 'problem enough detail', 'identify adequate', 'question limit specific', 'specific problem enough']","['Please edit the question to limit it to a specific problem with enough detail to identify an adequate answer', 'Please edit the question to limit it to a specific problem with enough detail to identify an adequate answer', 'Please edit the question to limit it to a specific problem with enough detail to identify an adequate answer']"
117,65,117_batch_batch size_size_batchsize,"['batch', 'batch size', 'size', 'batchsize', 'number', 'modelfit', 'changing batch size', 'changing batch', 'mini batch', 'divisible']","['When NN is construsted batch size is not defined and place holder is used and its summarytensorfow shows the batch size as None This is useful because you can change batch size later In case of a simple model with 10 input features 1 hidden layers with 10 neurons and output layer the shape of the hidden layer would be None 10 which means if the batch size is 20 the hidden layer would have the shape of 20 10 When the model is used to predict for a single output with shape10 1 how does the math work batchsize in neural network', 'In Keras with default parameter of the method will display the total number of samples not the batch number If your batch size is 128 then the progress bar will jump by multiples of 128 You can try to change parameter to 13714 and you will see the progress bar jumping straight from 013714 to 1371413714 since you would have defined a batch size of the size of your whole training dataset Finally if you want to train your model only on one mini batch you can extract it from your training set and fit your model on it The above code will train your network only on one random batch only library is used to draw a random batch of indices in your training set', 'These numbers refer to minibatches not individual samples The data is not fed to the model one by one but in small groups called minibatches or simply batches The size of the minibatch the number of elements to be included in each minibatch can be specified as a parameter to the method As you did not provide any value it took the default value of 32 This is specified in the documentation batchsize Integer or None Number of samples per gradient update If unspecified batchsize will default to 32 Do not specify the batchsize if your data is in the form of datasets generators or kerasutilsSequence instances since they generate batches Your data size divided by the batch size gives us the number of batches which is the number you see  As they are not divisible the last batch would have a few elements less specifically the last batch has 24 elements  55000  32  1718 instead of 32']"
118,63,118_oxbowerce_oxbowerce thank_oxbowerce oxbowerce_thanks oxbowerce,"['oxbowerce', 'oxbowerce thank', 'oxbowerce oxbowerce', 'thanks oxbowerce', 'thank', 'thanks', 'thank oxbowerce', 'oxbowerce oxbowerce thank', 'code oxbowerce', 'oxbowerce added']","['Many thanks Oxbowerce', 'Oxbowerce why', 'Thanks Oxbowerce']"
119,62,119_folder_directory_image_flowfromdirectory,"['folder', 'directory', 'image', 'flowfromdirectory', 'subfolders', 'class', 'path', 'subdirectory', 'image belonging class', 'structure']","['Because the Keras documentation does not specify the keys for the classweights You may get an idea with these two parameters labels Either inferred labels are generated from the directory structure or a listtuple of integer labels of the same size as the number of image files found in the directory Labels should be sorted according to the alphanumeric order of the image file paths obtained via oswalkdirectory in Python classnames Only valid if labels is inferred This is the explicit list of class names must match names of subdirectories Used to control the order of the classes otherwise alphanumerical order is used So it will be mapped to alphabetical order if not specified explicitly Does anyone have a solution that may work in combination with a dataset loaded by imagedatasetfromdirectory You may try a wrapper of a custom Generator over the initial Keras generator Below is a very basic code sample You will have to write a custom code to create the for each batch', 'I am creating a multitask CNN model and I have two different classification properties one with 10 classes 2nd with 5 classes and my directory structure looks like this And labels are in a csv file as propA propB So a single image will have two classes one from property A and one from property B The model uses VGG16  The number of images is large therefore I cannot load them in memory and need to use flowfromdirectory like functionality But in my train directory there are no class sub directories because it is not possible to generate class directories as there are total 15 classes and I am not sure on which property to generate class subdirs for and flowfromdirectory doesnt work if there are no class subdirs The labels are available in array propALab and propBLab So far I havenot found anything helpful can someone help ImageDataGenerator for multi task output in Keras using flowfromdirectory', 'In the following article there is an instruction that dataset needs to be divided into train validation and test folders where the test folder should not contain the labeled subfolders Instead it should only contain a single folder ie Testfolder When I use the following code I get the output message refering that no image were found Instead if I use the same folder structure dataset estclassa est1jpg etc as in the train and validation folders everything seems to be OK and I manage to evaluate my model I also tried the recommendation where classes attribute is specified but still 0 images were found Thus what is the correct way to call flowfromdirectory method and why am I getting the message that no files were found Is my model not correctly evaluated when I use the Ver2 solution What is the correct way to call Keras flowfromdirectory method']"
120,62,120_documentation others confirm_correct find information_could improved additional_improved additional,"['documentation others confirm', 'correct find information', 'could improved additional', 'improved additional', 'improved additional supporting', 'detail citation', 'documentation others', 'confirm answer correct', 'citation documentation', 'detail citation documentation']","['Your answer could be improved with additional supporting information Please edit to add further details such as citations or documentation so that others can confirm that your answer is correct You can find more information on how to write good answers in the help centerhelphowtoanswer', 'Your answer could be improved with additional supporting information Please edit to add further details such as citations or documentation so that others can confirm that your answer is correct You can find more information on how to write good answers in the help centerhelphowtoanswer', 'Your answer could be improved with additional supporting information Please edit to add further details such as citations or documentation so that others can confirm that your answer is correct You can find more information on how to write good answers in the help centerhelphowtoanswer']"
121,61,121_link_look_might find_read,"['link', 'look', 'might find', 'read', 'take look', 'post useful', 'might', 'please', 'check link', 'check']","['You might find my post here to be useful', 'You might find the link helpful', 'You might find this link helpful']"
122,60,122_algorithm_understand algorithm_increment one_posting list,"['algorithm', 'understand algorithm', 'increment one', 'posting list', 'understand algorithm work', 'paper', 'thanks', 'understand', 'increment', 'image animation paper']","['Well Lloyds does kinda work got round to implementing it but it needs a LOT of rounds to be useful On my country level datasets like 50k because otherwise the coastal squares still contain mostly coastal points Needs a lot of rounds so the inner points diffuse out the the edge squares Although havent tried overrelaxing yet Still looking for a more efficient algorithm', 'The intersecting algorithm for two posting lists implemented below Brief description of the algorithm For the given posting lists it starts from the first index of both array and  Then it compares the documents If equals to  Add or  to result and then increment both and by one If is greater than  Increment by one If is lower than  Increment by one If we consider the length m n for and the time complexity of this algorithm would be Om  n Problem Description Suppose that we have more than two arrays Is it possible two do this is linear time PS A good approach is that we start with increasing length order of arrays but the actual question is about the time complexity Merging intersecting more than two posting list in linear time', 'I dont know how this algorithm performs even with comments because many functions are connected and use frequent loops and they include also the output values I have to track every step and it is difficult to imagine how the values are changing with time It would be great to have a sketch or the mathematical logic behind this reasoning I recommend monitoring every step precisely with visualization tools and testing the algorithm with various scenarios in order to get a good understanding of what is going on']"
123,59,123_transfer_transfer learning_domain_teacher,"['transfer', 'transfer learning', 'domain', 'teacher', 'learning', 'task', 'distillation', 'student model', 'model', 'teacher model']","['Suppose I have the following scenarios I have a bunch of fruits ie apple orange and banana I simply made a multitask model where my network first tell me which fruit it is and then telling me the color of it Suppose if I give my network an apple it tells me a it is apple b it is red By doing some theoretical study I have understood that it is one type of inductive transfer learning TL correct me if I am wrong So here the network is learning 2 task simultaneously I have a bunch of objects ie cube ball and triangle Here also I want my network will do the same thing like scenario 1 So it will tell me a whether it is a cube or not and b then tell me the color So what I did is I transferred the learned weight and parameters from the network of scenario 1 to this scenario Thus I performed the finetuning based TL in here So  from theoretical point of view I have few confusions I need to clarity my idea and need some ideas from experts If I consider the scenario 2 by definition of finetuning based TL the task of scenario 1 apple and red is my source task and the task of scenario 2 cube and red is the target task From my understanding I think that every inductive TL approach has a source task and target task So for scenario 2 thus it satisfies my understanding REAL QUESTIONS 2 Now the confusion starts for my theoretical understanding For scenario 1 it has also 2 tasks  a identify the fruit b identify the color So here what will be my source task and what will be my target task For clarifying my theoretical description or explaining my thinking into words I need to know this 3 As I am doing 2 TL tasks here how to define the whole scenario What are the theoretical differences of multitask learning vs fine tuning based transfer learning', 'A common definition of transfer learning is Transfer learning is the improvement of learning in a new task through the transfer of knowledge from a related task that has already been learned  Chapter 11 Transfer Learning Handbook of Research on Machine Learning Applications 2009 This raises the question when a task can be termed related Lets assume a neural networks is trained to estimate house prices for american houses Could it be called transfer learning if I retrainfinetune the model to estimate european house prices Is it still the same task or can it be considered a separate task When can it be called transfer learning', 'Im studying the LLMs course on Coursera In one video on model distillation the lecturer says from the transcript Model Distillation is a technique that focuses on having a larger teacher model train a smaller student model The student model learns to statistically mimic the behavior of the teacher model either just in the final prediction layer or in the models hidden layers as well Youll focus on the first option here You start with your fine tune LLM as your teacher model and create a smaller LLM for your student model You freeze the teacher models weights and use it to generate completions for your training data At the same time you generate completions for the training data using your student model The knowledge distillation between teacher and student model is achieved by minimizing a loss function called the distillation loss To calculate this loss distillation uses the probability distribution over tokens that is produced by the teacher models softmax layer Now the teacher model is already fine tuned on the training data So the probability distribution likely closely matches the ground truth data and wont have much variation in tokens Thats why Distillation applies a little trick adding a temperature parameter to the softmax function As you learned in lesson one a higher temperature increases the creativity of the language the model generates With a temperature parameter greater than one the probability distribution becomes broader and less strongly peaked This softer distribution provides you with a set of tokens that are similar to the ground truth tokens Ive highlighted the sentences Im having trouble with The issue is that I understand the teacher model is already fine tuned on the training data but I dont see why thats an issue You clearly want as good performance for the teacher model as possible But since the teacher is likely to be very big the goal is to reduce it so its more manageable which is why theres a student model Because you want the teacher to have as good performance as possible you should apply fine tuning hence the teacher model is already fine tuned on the training data Its therefore not surprising that the teacher models output closely matches the ground truth data But why is this a problem You are training a student model to emulate the teacher model via supervised learning I presume The student model has fewer parameters than the teacher so it should show larger variation with the teacher models output If the student model predicts results as good as the teacher model then theres no need for the teacher in the first place since the student model is strictly superior The video goes on to say that the loss function is the difference between the student models output with temperature  1 and with temperature  1 I do not understand why we might want to minimize this difference It surely does something but that something does not look like the original goal Can anyone explain Why is temperature necessary in the loss function for Model Distillation']"
124,57,124_variance_standard deviation_deviation_standard,"['variance', 'standard deviation', 'deviation', 'standard', 'distribution', 'mean', 'sample', 'spread', 'mu', 'square']","['Yes it is Standard deviation is a square root of variance Square root is a monotonic transformation meaning that it preserves the order eg if then  assuming a and b are nonnegative and they always are for variance Standard deviation is easier to interpret and is more commonly used when we calculate variance we square every term taking a square root in standard deviation we undo that', 'Standard deviation is taken to be the square root of the variance and the variance divides by the sample size If you want to define some other statistic that takes the square root and then divides by the sample size thats fine but standard deviation and the variance to which it is so closely related arise quite naturally in the probability theory on which much of statistics is based A few that come to mind Standard deviation plays a unique role in the central limit theorem Standard deviation comes up in the 6895997 empirical rule for normal distributions and its generalization through the Chebyshev inequality Relationships between standard deviation and standard errors in statistical inference eg confidence intervals ttesting could be another reason to care about the standard deviation though your formula is quite close to the standard error used for basic confidence intervals Being really formal we use Ssqrt frac1n1sumxibar x  as an estimator of population standard deviation and this estimator tends to be close to the true value If you use your equation to estimate the standard deviation it will tend to be too small This can be demonstrated in a simulation I will do one with a population standard deviation of 1 Which estimator seems to do a better job of estimating the true value of 1 I say its the usual one in pink', 'Variance basically means the spread of data around the mean in a distribution A higher variance indicates that the data points are more spread out which results in a wider spread in the distribution graph Depending on the type of distribution the variance may vary In statistical terms variance is the square of the standard deviation Standard deviation measures how far each data point deviates from the mean so variance reflects the overall spread of data from the mean This relationship is why variance is often described as the degree to which the data points are dispersed Now as per your question about set 1 and 2 set two doesnt have a wider distribution spread variance because there is a point25 in between 2 and 45 however in set 1 the distribution spread variance is wider or higher because the gap between two points ie 2 and 45 is wider']"
